asset,Date,Supply
btc,2014-09-17,13281189.78589664
btc,2014-09-18,13285664.78573284
btc,2014-09-19,13289939.78573284
btc,2014-09-20,13294339.78573284
btc,2014-09-21,13298439.78556904
btc,2014-09-22,13302639.78556904
btc,2014-09-23,13306389.78556904
btc,2014-09-24,13310289.78556904
btc,2014-09-25,13314589.78556904
btc,2014-09-26,13317939.78556902
btc,2014-09-27,13321289.78556902
btc,2014-09-28,13324539.78556902
btc,2014-09-29,13327964.78556902
btc,2014-09-30,13331789.785569
btc,2014-10-01,13335664.785569
btc,2014-10-02,13339114.78556899
btc,2014-10-03,13342764.78556899
btc,2014-10-04,13346614.78556897
btc,2014-10-05,13350839.78556897
btc,2014-10-06,13354864.78556894
btc,2014-10-07,13358214.78556894
btc,2014-10-08,13361814.78556894
btc,2014-10-09,13365514.78556892
btc,2014-10-10,13369389.78556889
btc,2014-10-11,13372989.78556888
btc,2014-10-12,13376689.78556888
btc,2014-10-13,13380564.78556888
btc,2014-10-14,13383864.78556887
btc,2014-10-15,13387639.78556887
btc,2014-10-16,13391339.78556887
btc,2014-10-17,13394889.78556887
btc,2014-10-18,13398989.78556887
btc,2014-10-19,13402314.78556887
btc,2014-10-20,13405739.78556887
btc,2014-10-21,13409564.78556887
btc,2014-10-22,13413539.78556887
btc,2014-10-23,13417314.78556887
btc,2014-10-24,13421289.78556887
btc,2014-10-25,13425164.78556887
btc,2014-10-26,13428289.78556887
btc,2014-10-27,13432264.78556887
btc,2014-10-28,13435714.78566886
btc,2014-10-29,13439589.78566886
btc,2014-10-30,13443839.78566886
btc,2014-10-31,13448539.78566886
btc,2014-11-01,13452514.78566886
btc,2014-11-02,13456389.78566886
btc,2014-11-03,13460614.78566886
btc,2014-11-04,13464664.78566886
btc,2014-11-05,13468114.78566886
btc,2014-11-06,13471964.78566885
btc,2014-11-07,13475714.78566885
btc,2014-11-08,13479539.78566885
btc,2014-11-09,13483289.78556884
btc,2014-11-10,13486964.78556884
btc,2014-11-11,13490189.78556884
btc,2014-11-12,13493864.78556884
btc,2014-11-13,13497489.78556884
btc,2014-11-14,13501339.78556884
btc,2014-11-15,13504839.78556884
btc,2014-11-16,13508589.78540504
btc,2014-11-17,13512189.78540504
btc,2014-11-18,13516039.78540504
btc,2014-11-19,13519564.78540504
btc,2014-11-20,13523014.78530504
btc,2014-11-21,13526189.78530504
btc,2014-11-22,13530039.78530504
btc,2014-11-23,13533589.78530504
btc,2014-11-24,13537264.78530504
btc,2014-11-25,13540564.78530504
btc,2014-11-26,13543989.78530504
btc,2014-11-27,13547514.78530504
btc,2014-11-28,13551214.78530504
btc,2014-11-29,13555139.78530502
btc,2014-11-30,13559139.78530502
btc,2014-12-01,13562389.78530502
btc,2014-12-02,13566139.78530502
btc,2014-12-03,13569039.78530502
btc,2014-12-04,13572689.78525042
btc,2014-12-05,13576589.78525042
btc,2014-12-06,13580014.78525042
btc,2014-12-07,13583164.78525039
btc,2014-12-08,13587239.78525039
btc,2014-12-09,13590789.78525039
btc,2014-12-10,13594364.78525039
btc,2014-12-11,13598064.78525039
btc,2014-12-12,13601589.78525037
btc,2014-12-13,13605239.78525037
btc,2014-12-14,13608764.78525037
btc,2014-12-15,13612289.78525037
btc,2014-12-16,13615864.78525036
btc,2014-12-17,13619064.78525035
btc,2014-12-18,13622289.78525035
btc,2014-12-19,13625714.78525035
btc,2014-12-20,13629064.78525035
btc,2014-12-21,13632364.78525034
btc,2014-12-22,13636464.78525033
btc,2014-12-23,13640214.78525033
btc,2014-12-24,13644039.78525033
btc,2014-12-25,13647989.78525033
btc,2014-12-26,13651789.78525033
btc,2014-12-27,13655589.78525033
btc,2014-12-28,13659814.78525033
btc,2014-12-29,13663914.78525033
btc,2014-12-30,13667789.78525033
btc,2014-12-31,13671589.78525033
btc,2015-01-01,13675714.78521033
btc,2015-01-02,13679839.78521033
btc,2015-01-03,13683889.78496462
btc,2015-01-04,13688189.78496462
btc,2015-01-05,13692089.78496462
btc,2015-01-06,13696039.78496462
btc,2015-01-07,13699539.78496462
btc,2015-01-08,13703214.78496462
btc,2015-01-09,13706714.78496462
btc,2015-01-10,13710389.78496462
btc,2015-01-11,13714264.78496462
btc,2015-01-12,13717814.78496462
btc,2015-01-13,13720989.78496462
btc,2015-01-14,13724614.78496462
btc,2015-01-15,13728389.78463702
btc,2015-01-16,13731864.78463702
btc,2015-01-17,13735314.78463702
btc,2015-01-18,13739139.78463702
btc,2015-01-19,13742739.78463702
btc,2015-01-20,13745689.78463702
btc,2015-01-21,13749414.78463701
btc,2015-01-22,13752789.78463701
btc,2015-01-23,13755889.78463701
btc,2015-01-24,13759039.78463701
btc,2015-01-25,13762164.78463701
btc,2015-01-26,13765339.78463701
btc,2015-01-27,13769064.78463701
btc,2015-01-28,13773164.78463701
btc,2015-01-29,13777264.78463701
btc,2015-01-30,13780714.78463701
btc,2015-01-31,13784864.78463701
btc,2015-02-01,13788739.78463701
btc,2015-02-02,13792714.78463701
btc,2015-02-03,13795889.78463701
btc,2015-02-04,13799864.78463701
btc,2015-02-05,13803839.78463701
btc,2015-02-06,13808264.78463699
btc,2015-02-07,13812239.78463699
btc,2015-02-08,13815539.78463699
btc,2015-02-09,13819564.77463699
btc,2015-02-10,13823164.77463699
btc,2015-02-11,13827114.77463699
btc,2015-02-12,13830089.77463699
btc,2015-02-13,13833739.77463699
btc,2015-02-14,13837739.77463699
btc,2015-02-15,13841239.77463699
btc,2015-02-16,13845164.77463699
btc,2015-02-17,13848889.77463699
btc,2015-02-18,13853064.77463699
btc,2015-02-19,13857214.77430939
btc,2015-02-20,13861164.77414559
btc,2015-02-21,13864714.77365419
btc,2015-02-22,13868489.77349039
btc,2015-02-23,13872039.77349039
btc,2015-02-24,13875264.77349039
btc,2015-02-25,13879239.77349039
btc,2015-02-26,13882989.77349039
btc,2015-02-27,13886789.77349039
btc,2015-02-28,13890339.77349039
btc,2015-03-01,13893839.77168859
btc,2015-03-02,13897789.77168859
btc,2015-03-03,13901739.77168859
btc,2015-03-04,13905239.77168859
btc,2015-03-05,13908539.77168859
btc,2015-03-06,13912239.77168859
btc,2015-03-07,13915739.77168859
btc,2015-03-08,13919639.77168859
btc,2015-03-09,13923239.77152479
btc,2015-03-10,13927039.77152479
btc,2015-03-11,13930889.77152479
btc,2015-03-12,13934164.77152479
btc,2015-03-13,13937814.77152479
btc,2015-03-14,13941089.77152479
btc,2015-03-15,13944664.77136099
btc,2015-03-16,13948139.77136099
btc,2015-03-17,13951339.77136098
btc,2015-03-18,13955164.77136098
btc,2015-03-19,13958589.77136098
btc,2015-03-20,13961989.77136098
btc,2015-03-21,13965764.77136098
btc,2015-03-22,13969314.77136098
btc,2015-03-23,13972939.77136098
btc,2015-03-24,13977264.77136098
btc,2015-03-25,13981314.77136098
btc,2015-03-26,13985014.77136098
btc,2015-03-27,13989289.77136098
btc,2015-03-28,13992989.77136098
btc,2015-03-29,13996814.77136098
btc,2015-03-30,14000364.77136098
btc,2015-03-31,14004114.77136098
btc,2015-04-01,14007414.77136098
btc,2015-04-02,14011564.77136098
btc,2015-04-03,14015214.77136098
btc,2015-04-04,14019039.77095148
btc,2015-04-05,14022739.77095148
btc,2015-04-06,14025889.77095148
btc,2015-04-07,14029689.77095148
btc,2015-04-08,14032814.77095148
btc,2015-04-09,14036139.77095148
btc,2015-04-10,14039939.77095148
btc,2015-04-11,14043439.77095148
btc,2015-04-12,14046639.77095148
btc,2015-04-13,14050539.77095148
btc,2015-04-14,14054264.77090148
btc,2015-04-15,14057314.77090148
btc,2015-04-16,14060764.77090148
btc,2015-04-17,14063914.77090148
btc,2015-04-18,14067564.77090148
btc,2015-04-19,14071189.77090148
btc,2015-04-20,14075039.77090148
btc,2015-04-21,14078864.77090148
btc,2015-04-22,14082664.77090148
btc,2015-04-23,14085914.77090148
btc,2015-04-24,14089014.77090148
btc,2015-04-25,14093089.77090148
btc,2015-04-26,14096689.77089602
btc,2015-04-27,14100114.77089602
btc,2015-04-28,14103939.77089602
btc,2015-04-29,14107114.77089602
btc,2015-04-30,14110464.77089602
btc,2015-05-01,14114164.77089602
btc,2015-05-02,14117839.77089602
btc,2015-05-03,14121364.77089602
btc,2015-05-04,14124564.77089602
btc,2015-05-05,14128414.77089602
btc,2015-05-06,14132439.77089602
btc,2015-05-07,14135964.77089602
btc,2015-05-08,14139714.77089602
btc,2015-05-09,14142939.77089602
btc,2015-05-10,14146164.77069602
btc,2015-05-11,14150114.77069602
btc,2015-05-12,14153864.77069602
btc,2015-05-13,14157914.77069602
btc,2015-05-14,14161764.77069602
btc,2015-05-15,14165439.77069602
btc,2015-05-16,14168739.77069602
btc,2015-05-17,14173014.77069602
btc,2015-05-18,14176614.77069602
btc,2015-05-19,14179864.77069602
btc,2015-05-20,14183489.77059602
btc,2015-05-21,14187364.77049602
btc,2015-05-22,14190814.77049602
btc,2015-05-23,14193614.77049602
btc,2015-05-24,14197264.77039602
btc,2015-05-25,14200789.77039602
btc,2015-05-26,14204389.77039602
btc,2015-05-27,14207839.77039602
btc,2015-05-28,14211139.77039602
btc,2015-05-29,14214989.76889602
btc,2015-05-30,14218389.76889602
btc,2015-05-31,14222089.76889602
btc,2015-06-01,14225389.76889602
btc,2015-06-02,14229139.76889602
btc,2015-06-03,14232689.76889602
btc,2015-06-04,14236214.76889602
btc,2015-06-05,14239664.76884602
btc,2015-06-06,14244114.76884602
btc,2015-06-07,14247839.76884602
btc,2015-06-08,14251764.76884602
btc,2015-06-09,14255539.76884601
btc,2015-06-10,14259764.768846
btc,2015-06-11,14263139.76835459
btc,2015-06-12,14266689.76834858
btc,2015-06-13,14270664.76834857
btc,2015-06-14,14274364.76834857
btc,2015-06-15,14277964.76834857
btc,2015-06-16,14280914.76834857
btc,2015-06-17,14284864.76802097
btc,2015-06-18,14288764.76802095
btc,2015-06-19,14292439.76801545
btc,2015-06-20,14295789.76801544
btc,2015-06-21,14298889.76785584
btc,2015-06-22,14302714.76763204
btc,2015-06-23,14306214.76733197
btc,2015-06-24,14310114.76733194
btc,2015-06-25,14313914.76733189
btc,2015-06-26,14317764.7673306
btc,2015-06-27,14320989.76733058
btc,2015-06-28,14324514.76733054
btc,2015-06-29,14328014.76733051
btc,2015-06-30,14331639.76733049
btc,2015-07-01,14335014.76733042
btc,2015-07-02,14338864.76691191
btc,2015-07-03,14342889.7668119
btc,2015-07-04,14346689.76681171
btc,2015-07-05,14350239.76680168
btc,2015-07-06,14354764.76680159
btc,2015-07-07,14358114.76680146
btc,2015-07-08,14362139.76680146
btc,2015-07-09,14365464.76680142
btc,2015-07-10,14369314.76675142
btc,2015-07-11,14373014.76669132
btc,2015-07-12,14376389.76669132
btc,2015-07-13,14380089.76669129
btc,2015-07-14,14383689.76669119
btc,2015-07-15,14387514.76669114
btc,2015-07-16,14390864.76669114
btc,2015-07-17,14394539.76669114
btc,2015-07-18,14398264.76669114
btc,2015-07-19,14402064.76669091
btc,2015-07-20,14405964.76669081
btc,2015-07-21,14409139.76669037
btc,2015-07-22,14412989.76669009
btc,2015-07-23,14416489.76669006
btc,2015-07-24,14420714.76667983
btc,2015-07-25,14424564.76667982
btc,2015-07-26,14428164.76667962
btc,2015-07-27,14431889.76667941
btc,2015-07-28,14435289.76667941
btc,2015-07-29,14439089.76665941
btc,2015-07-30,14442439.76648561
btc,2015-07-31,14446214.76648561
btc,2015-08-01,14450089.76648561
btc,2015-08-02,14453864.7663218
btc,2015-08-03,14457789.7663218
btc,2015-08-04,14461189.76631634
btc,2015-08-05,14464514.76614708
btc,2015-08-06,14468089.76614708
btc,2015-08-07,14471514.76614708
btc,2015-08-08,14475539.76614708
btc,2015-08-09,14479089.76598323
btc,2015-08-10,14483264.76598323
btc,2015-08-11,14487314.76581943
btc,2015-08-12,14490464.76581943
btc,2015-08-13,14494139.76581943
btc,2015-08-14,14497689.76581943
btc,2015-08-15,14501114.76581942
btc,2015-08-16,14504564.76532802
btc,2015-08-17,14508239.76532802
btc,2015-08-18,14511764.76532802
btc,2015-08-19,14515664.76532802
btc,2015-08-20,14519414.76450902
btc,2015-08-21,14523539.76352622
btc,2015-08-22,14527489.76352619
btc,2015-08-23,14530839.76352619
btc,2015-08-24,14534714.76352619
btc,2015-08-25,14538089.76319859
btc,2015-08-26,14542114.76314126
btc,2015-08-27,14545539.76297625
btc,2015-08-28,14549414.76277625
btc,2015-08-29,14553414.76277625
btc,2015-08-30,14557164.76277625
btc,2015-08-31,14561089.75252711
btc,2015-09-01,14564939.75232711
btc,2015-09-02,14568939.74262711
btc,2015-09-03,14572589.74108889
btc,2015-09-04,14576489.72948887
btc,2015-09-05,14580164.72948887
btc,2015-09-06,14583764.72917249
btc,2015-09-07,14587564.72855611
btc,2015-09-08,14590964.72755611
btc,2015-09-09,14594689.39563973
btc,2015-09-10,14598963.98623973
btc,2015-09-11,14602912.28733973
btc,2015-09-12,14606286.28543973
btc,2015-09-13,14610061.21063972
btc,2015-09-14,14613861.16283971
btc,2015-09-15,14617861.16283971
btc,2015-09-16,14621411.16283425
btc,2015-09-17,14625011.16282879
btc,2015-09-18,14628686.16282879
btc,2015-09-19,14631811.16282879
btc,2015-09-20,14635011.16262878
btc,2015-09-21,14638311.16232232
btc,2015-09-22,14642236.1621568
btc,2015-09-23,14646186.1621568
btc,2015-09-24,14649686.16214042
btc,2015-09-25,14653786.16204042
btc,2015-09-26,14657461.16199128
btc,2015-09-27,14661186.16199128
btc,2015-09-28,14664761.16199128
btc,2015-09-29,14669111.16199126
btc,2015-09-30,14672811.16139126
btc,2015-10-01,14676536.16139126
btc,2015-10-02,14679986.16139126
btc,2015-10-03,14683611.16128576
btc,2015-10-04,14687436.16128576
btc,2015-10-05,14691261.16128575
btc,2015-10-06,14694811.16128556
btc,2015-10-07,14698136.16128556
btc,2015-10-08,14701636.16126918
btc,2015-10-09,14704786.16126918
btc,2015-10-10,14708786.16126918
btc,2015-10-11,14712436.16126915
btc,2015-10-12,14715986.16126915
btc,2015-10-13,14719411.16125274
btc,2015-10-14,14723211.1612427
btc,2015-10-15,14727361.1612427
btc,2015-10-16,14730961.15944267
btc,2015-10-17,14734361.13954267
btc,2015-10-18,14737986.13914257
btc,2015-10-19,14742111.13564251
btc,2015-10-20,14745311.13564243
btc,2015-10-21,14748911.13564233
btc,2015-10-22,14752611.13564227
btc,2015-10-23,14756336.13564224
btc,2015-10-24,14759961.13564217
btc,2015-10-25,14763836.13564202
btc,2015-10-26,14767936.13564168
btc,2015-10-27,14771611.13564153
btc,2015-10-28,14775086.13544113
btc,2015-10-29,14778861.13544093
btc,2015-10-30,14783136.1354408
btc,2015-10-31,14786811.13544078
btc,2015-11-01,14790636.13544076
btc,2015-11-02,14794461.13544069
btc,2015-11-03,14798336.13544067
btc,2015-11-04,14802211.13543059
btc,2015-11-05,14805861.13542978
btc,2015-11-06,14809486.13542975
btc,2015-11-07,14813286.13542967
btc,2015-11-08,14816761.13541325
btc,2015-11-09,14820486.13541277
btc,2015-11-10,14824136.13539571
btc,2015-11-11,14828336.13527895
btc,2015-11-12,14832361.1352761
btc,2015-11-13,14836361.13527581
btc,2015-11-14,14839911.13527567
btc,2015-11-15,14843911.1352747
btc,2015-11-16,14848236.13527453
btc,2015-11-17,14851961.13526879
btc,2015-11-18,14855786.13525778
btc,2015-11-19,14859186.13525741
btc,2015-11-20,14863361.13525728
btc,2015-11-21,14867711.13524075
btc,2015-11-22,14872011.13524056
btc,2015-11-23,14876086.13524023
btc,2015-11-24,14879986.13524011
btc,2015-11-25,14883686.13523992
btc,2015-11-26,14888086.13523984
btc,2015-11-27,14891411.13515748
btc,2015-11-28,14895261.13483732
btc,2015-11-29,14898986.1348373
btc,2015-11-30,14903036.13483719
btc,2015-12-01,14907211.13482619
btc,2015-12-02,14911236.13482609
btc,2015-12-03,14914786.13482596
btc,2015-12-04,14918611.13482583
btc,2015-12-05,14922986.13479302
btc,2015-12-06,14926961.13458208
btc,2015-12-07,14930636.13452083
btc,2015-12-08,14935011.13404066
btc,2015-12-09,14939211.1340406
btc,2015-12-10,14944611.13404054
btc,2015-12-11,14948611.13394046
btc,2015-12-12,14952661.13393043
btc,2015-12-13,14956211.1339303
btc,2015-12-14,14961086.1339301
btc,2015-12-15,14965661.13385338
btc,2015-12-16,14969736.13382056
btc,2015-12-17,14973611.13382042
btc,2015-12-18,14977836.13382039
btc,2015-12-19,14981761.13382033
btc,2015-12-20,14985886.13376031
btc,2015-12-21,14989611.13376028
btc,2015-12-22,14993361.13376013
btc,2015-12-23,14997286.13375983
btc,2015-12-24,15000736.13375977
btc,2015-12-25,15004786.13375975
btc,2015-12-26,15009061.13375974
btc,2015-12-27,15014186.13375937
btc,2015-12-28,15017961.13375936
btc,2015-12-29,15021936.13375907
btc,2015-12-30,15026061.13375896
btc,2015-12-31,15029611.13374743
btc,2016-01-01,15032986.13374194
btc,2016-01-02,15036611.1337419
btc,2016-01-03,15040236.13374189
btc,2016-01-04,15044761.13374178
btc,2016-01-05,15048686.13374084
btc,2016-01-06,15052211.13373527
btc,2016-01-07,15055886.13373498
btc,2016-01-08,15060211.1337344
btc,2016-01-09,15063986.13373428
btc,2016-01-10,15068361.13373425
btc,2016-01-11,15072611.13373418
btc,2016-01-12,15076861.13373409
btc,2016-01-13,15080561.13373393
btc,2016-01-14,15083886.13373384
btc,2016-01-15,15086936.13371737
btc,2016-01-16,15090486.13371732
btc,2016-01-17,15094261.13371728
btc,2016-01-18,15098586.1336572
btc,2016-01-19,15101911.13365166
btc,2016-01-20,15105711.13365161
btc,2016-01-21,15109136.13365142
btc,2016-01-22,15113536.13364037
btc,2016-01-23,15118011.13364031
btc,2016-01-24,15122286.13364025
btc,2016-01-25,15126336.13363995
btc,2016-01-26,15130336.13363976
btc,2016-01-27,15134211.13363768
btc,2016-01-28,15137861.13363757
btc,2016-01-29,15142086.13331554
btc,2016-01-30,15146761.13329498
btc,2016-01-31,15151286.13329493
btc,2016-02-01,15155311.13329469
btc,2016-02-02,15159811.13323951
btc,2016-02-03,15164286.13323562
btc,2016-02-04,15168486.13323537
btc,2016-02-05,15173186.13321332
btc,2016-02-06,15178186.13321324
btc,2016-02-07,15182586.13321261
btc,2016-02-08,15186286.13321241
btc,2016-02-09,15190686.13321208
btc,2016-02-10,15194786.13321104
btc,2016-02-11,15199586.13319756
btc,2016-02-12,15203861.13319725
btc,2016-02-13,15207761.13319695
btc,2016-02-14,15211911.13319691
btc,2016-02-15,15215711.13319645
btc,2016-02-16,15219161.13319615
btc,2016-02-17,15223036.13317928
btc,2016-02-18,15227261.13317911
btc,2016-02-19,15230886.13317875
btc,2016-02-20,15234636.13317828
btc,2016-02-21,15237836.13317822
btc,2016-02-22,15241011.13317801
btc,2016-02-23,15244411.13317739
btc,2016-02-24,15247361.13317653
btc,2016-02-25,15251236.13279608
btc,2016-02-26,15254736.13247588
btc,2016-02-27,15258411.13247562
btc,2016-02-28,15261761.13247535
btc,2016-02-29,15265086.13247483
btc,2016-03-01,15268611.13247454
btc,2016-03-02,15272536.13237389
btc,2016-03-03,15275911.1323733
btc,2016-03-04,15279786.11391517
btc,2016-03-05,15283536.11391432
btc,2016-03-06,15287236.11391378
btc,2016-03-07,15290561.11391307
btc,2016-03-08,15294411.11390712
btc,2016-03-09,15298611.11390652
btc,2016-03-10,15302486.11387569
btc,2016-03-11,15306486.11387504
btc,2016-03-12,15310086.11387486
btc,2016-03-13,15313411.11385472
btc,2016-03-14,15317211.11385454
btc,2016-03-15,15321236.11385364
btc,2016-03-16,15325036.1138526
btc,2016-03-17,15328561.11359194
btc,2016-03-18,15331961.11358966
btc,2016-03-19,15335361.11357959
btc,2016-03-20,15339011.11355934
btc,2016-03-21,15342486.113559
btc,2016-03-22,15346186.11350809
btc,2016-03-23,15349911.11350743
btc,2016-03-24,15353586.11350703
btc,2016-03-25,15357236.11350662
btc,2016-03-26,15361061.11350654
btc,2016-03-27,15364586.11350649
btc,2016-03-28,15368836.11103397
btc,2016-03-29,15372761.11101347
btc,2016-03-30,15376436.11101238
btc,2016-03-31,15379536.11101189
btc,2016-04-01,15383361.11101152
btc,2016-04-02,15386836.11100266
btc,2016-04-03,15390386.11100263
btc,2016-04-04,15394536.11100255
btc,2016-04-05,15398411.11100242
btc,2016-04-06,15402336.11099215
btc,2016-04-07,15405811.11093126
btc,2016-04-08,15409411.11040104
btc,2016-04-09,15413461.11036093
btc,2016-04-10,15417786.11036084
btc,2016-04-11,15421611.11036076
btc,2016-04-12,15425311.11036026
btc,2016-04-13,15429411.11036009
btc,2016-04-14,15433511.10858908
btc,2016-04-15,15436986.10858875
btc,2016-04-16,15440436.10858863
btc,2016-04-17,15444386.10858858
btc,2016-04-18,15447736.1085881
btc,2016-04-19,15451486.10858544
btc,2016-04-20,15455611.10854901
btc,2016-04-21,15459386.10853941
btc,2016-04-22,15462961.10853681
btc,2016-04-23,15466561.10853654
btc,2016-04-24,15469861.10853271
btc,2016-04-25,15473036.10852984
btc,2016-04-26,15476811.10768392
btc,2016-04-27,15480036.10767344
btc,2016-04-28,15483411.10767311
btc,2016-04-29,15487361.10764661
btc,2016-04-30,15491011.10764657
btc,2016-05-01,15494886.10763954
btc,2016-05-02,15498811.10763895
btc,2016-05-03,15502586.10763859
btc,2016-05-04,15506761.10568555
btc,2016-05-05,15510636.1056852
btc,2016-05-06,15514686.10568457
btc,2016-05-07,15518436.10568453
btc,2016-05-08,15522636.10568446
btc,2016-05-09,15526911.10568239
btc,2016-05-10,15530861.10568231
btc,2016-05-11,15534186.10567516
btc,2016-05-12,15537661.10567268
btc,2016-05-13,15541461.10567254
btc,2016-05-14,15545061.10567245
btc,2016-05-15,15548536.1056724
btc,2016-05-16,15552061.10567182
btc,2016-05-17,15555586.10565159
btc,2016-05-18,15559411.1056484
btc,2016-05-19,15562411.10542638
btc,2016-05-20,15566136.10542637
btc,2016-05-21,15569661.10542637
btc,2016-05-22,15574261.10542637
btc,2016-05-23,15578761.1054163
btc,2016-05-24,15582436.10541627
btc,2016-05-25,15585886.10541622
btc,2016-05-26,15589261.10541617
btc,2016-05-27,15592736.10541607
btc,2016-05-28,15596061.10541607
btc,2016-05-29,15599736.10541607
btc,2016-05-30,15603336.10541601
btc,2016-05-31,15606511.10541596
btc,2016-06-01,15610086.10541191
btc,2016-06-02,15613536.10518488
btc,2016-06-03,15617086.10507888
btc,2016-06-04,15620061.10497886
btc,2016-06-05,15624311.10497886
btc,2016-06-06,15628561.10497868
btc,2016-06-07,15632061.10491857
btc,2016-06-08,15635661.10491854
btc,2016-06-09,15639786.10476847
btc,2016-06-10,15643386.1047584
btc,2016-06-11,15647286.1047584
btc,2016-06-12,15650936.10475839
btc,2016-06-13,15654961.10475837
btc,2016-06-14,15658261.10475831
btc,2016-06-15,15662061.10475819
btc,2016-06-16,15665786.10475409
btc,2016-06-17,15669511.10475401
btc,2016-06-18,15673461.10475401
btc,2016-06-19,15677886.10475399
btc,2016-06-20,15681986.10475398
btc,2016-06-21,15685711.10475393
btc,2016-06-22,15688936.10475389
btc,2016-06-23,15692436.10475383
btc,2016-06-24,15695661.1047538
btc,2016-06-25,15699711.10475378
btc,2016-06-26,15703361.10474378
btc,2016-06-27,15707036.10474376
btc,2016-06-28,15710736.10474373
btc,2016-06-29,15714386.10474368
btc,2016-06-30,15718136.10474153
btc,2016-07-01,15722011.10474151
btc,2016-07-02,15725736.10474144
btc,2016-07-03,15729586.10474144
btc,2016-07-04,15733361.10474141
btc,2016-07-05,15736986.10474131
btc,2016-07-06,15740486.10474131
btc,2016-07-07,15743911.10474124
btc,2016-07-08,15747536.10474122
btc,2016-07-09,15750598.60474103
btc,2016-07-10,15752548.60474103
btc,2016-07-11,15754336.10474101
btc,2016-07-12,15756123.60474093
btc,2016-07-13,15757736.10473786
btc,2016-07-14,15759498.60473785
btc,2016-07-15,15761186.10473783
btc,2016-07-16,15763148.60473783
btc,2016-07-17,15765011.10473783
btc,2016-07-18,15766861.10473576
btc,2016-07-19,15768461.10473572
btc,2016-07-20,15770336.10473565
btc,2016-07-21,15771998.60473559
btc,2016-07-22,15773611.10473554
btc,2016-07-23,15775248.60473554
btc,2016-07-24,15776798.60473553
btc,2016-07-25,15778436.10473552
btc,2016-07-26,15780048.6047354
btc,2016-07-27,15781648.6047354
btc,2016-07-28,15783348.60473536
btc,2016-07-29,15785186.10473531
btc,2016-07-30,15786673.60473531
btc,2016-07-31,15788598.60473531
btc,2016-08-01,15790511.1047353
btc,2016-08-02,15792436.1047343
btc,2016-08-03,15794511.10473128
btc,2016-08-04,15796423.60472027
btc,2016-08-05,15798536.10472011
btc,2016-08-06,15800611.10472011
btc,2016-08-07,15802461.10472011
btc,2016-08-08,15804311.10472
btc,2016-08-09,15805861.1047177
btc,2016-08-10,15807748.60471745
btc,2016-08-11,15809623.60471729
btc,2016-08-12,15811486.10471726
btc,2016-08-13,15813523.60471723
btc,2016-08-14,15815561.10471723
btc,2016-08-15,15817386.1047172
btc,2016-08-16,15819073.6047172
btc,2016-08-17,15820611.10471718
btc,2016-08-18,15822536.10471717
btc,2016-08-19,15824461.10471714
btc,2016-08-20,15826398.60471611
btc,2016-08-21,15828436.10471611
btc,2016-08-22,15830411.10441064
btc,2016-08-23,15832248.60441063
btc,2016-08-24,15834148.60441062
btc,2016-08-25,15835773.60429061
btc,2016-08-26,15837423.60429061
btc,2016-08-27,15839223.60429061
btc,2016-08-28,15841123.60429059
btc,2016-08-29,15842986.10429051
btc,2016-08-30,15845036.10429048
btc,2016-08-31,15846711.10429039
btc,2016-09-01,15848461.10429038
btc,2016-09-02,15850373.60429024
btc,2016-09-03,15851948.60429024
btc,2016-09-04,15854186.10429024
btc,2016-09-05,15855936.10429023
btc,2016-09-06,15857636.10429014
btc,2016-09-07,15859536.10428909
btc,2016-09-08,15861336.10428901
btc,2016-09-09,15863111.1042889
btc,2016-09-10,15865048.6042889
btc,2016-09-11,15867098.60428889
btc,2016-09-12,15869136.10428784
btc,2016-09-13,15871198.60428572
btc,2016-09-14,15873148.60428549
btc,2016-09-15,15875073.60428497
btc,2016-09-16,15876811.10428491
btc,2016-09-17,15878848.60413484
btc,2016-09-18,15880661.10413482
btc,2016-09-19,15882323.60403371
btc,2016-09-20,15884211.10403367
btc,2016-09-21,15886286.10403355
btc,2016-09-22,15888048.60403349
btc,2016-09-23,15889748.60402794
btc,2016-09-24,15891823.60402793
btc,2016-09-25,15894136.10402793
btc,2016-09-26,15896048.6040279
btc,2016-09-27,15898136.10402783
btc,2016-09-28,15899986.10392779
btc,2016-09-29,15901773.60392776
btc,2016-09-30,15903548.60392773
btc,2016-10-01,15905511.10392773
btc,2016-10-02,15907273.60392773
btc,2016-10-03,15909161.10392764
btc,2016-10-04,15911136.10392757
btc,2016-10-05,15913223.6039275
btc,2016-10-06,15915236.10392743
btc,2016-10-07,15917023.60392732
btc,2016-10-08,15919136.1039273
btc,2016-10-09,15921136.10392728
btc,2016-10-10,15922686.10392695
btc,2016-10-11,15924423.60392684
btc,2016-10-12,15926223.60391672
btc,2016-10-13,15927823.60391644
btc,2016-10-14,15929523.60391639
btc,2016-10-15,15931298.60391639
btc,2016-10-16,15932923.60391639
btc,2016-10-17,15934486.10391538
btc,2016-10-18,15936423.60390499
btc,2016-10-19,15937986.10389491
btc,2016-10-20,15939661.10386459
btc,2016-10-21,15941711.10385451
btc,2016-10-22,15943573.60385451
btc,2016-10-23,15945373.60383451
btc,2016-10-24,15947161.10377447
btc,2016-10-25,15948898.60341442
btc,2016-10-26,15950623.60341442
btc,2016-10-27,15952648.60334332
btc,2016-10-28,15954548.60334313
btc,2016-10-29,15956411.1033431
btc,2016-10-30,15958511.10334308
btc,2016-10-31,15960348.60326279
btc,2016-11-01,15962148.60321279
btc,2016-11-02,15963811.10321259
btc,2016-11-03,15965748.60320243
btc,2016-11-04,15967198.60319222
btc,2016-11-05,15969036.10319218
btc,2016-11-06,15970948.60319216
btc,2016-11-07,15972773.60319169
btc,2016-11-08,15974886.10318125
btc,2016-11-09,15976723.60318101
btc,2016-11-10,15978823.60318049
btc,2016-11-11,15980861.10317047
btc,2016-11-12,15982961.10317045
btc,2016-11-13,15984736.10317045
btc,2016-11-14,15986886.10317038
btc,2016-11-15,15988836.10316028
btc,2016-11-16,15990973.60305011
btc,2016-11-17,15992961.10288997
btc,2016-11-18,15994811.10275978
btc,2016-11-19,15996586.10264975
btc,2016-11-20,15998186.10261974
btc,2016-11-21,15999923.60261964
btc,2016-11-22,16001598.60261964
btc,2016-11-23,16003436.10261958
btc,2016-11-24,16005461.10260949
btc,2016-11-25,16007361.10260938
btc,2016-11-26,16009273.60259934
btc,2016-11-27,16011073.60246933
btc,2016-11-28,16013123.60242917
btc,2016-11-29,16014986.10237892
btc,2016-11-30,16016761.10234862
btc,2016-12-01,16018586.10227622
btc,2016-12-02,16020373.60227622
btc,2016-12-03,16022523.60220592
btc,2016-12-04,16024373.60212792
btc,2016-12-05,16026273.60206787
btc,2016-12-06,16028148.60206779
btc,2016-12-07,16030323.60197774
btc,2016-12-08,16032286.10190764
btc,2016-12-09,16033973.60187762
btc,2016-12-10,16035623.60179759
btc,2016-12-11,16037961.10160758
btc,2016-12-12,16039911.10156203
btc,2016-12-13,16042136.1014919
btc,2016-12-14,16043873.60144439
btc,2016-12-15,16045461.10144435
btc,2016-12-16,16047123.60144429
btc,2016-12-17,16048923.60144428
btc,2016-12-18,16050686.10143428
btc,2016-12-19,16052573.60135417
btc,2016-12-20,16054298.6013341
btc,2016-12-21,16056286.10133407
btc,2016-12-22,16058273.601294
btc,2016-12-23,16060173.60127399
btc,2016-12-24,16061886.10121397
btc,2016-12-25,16063948.60106397
btc,2016-12-26,16065723.60098396
btc,2016-12-27,16067673.60091394
btc,2016-12-28,16069723.6008239
btc,2016-12-29,16071598.60077382
btc,2016-12-30,16073561.10070381
btc,2016-12-31,16075411.10057381
btc,2017-01-01,16077361.10040376
btc,2017-01-02,16079348.60038371
btc,2017-01-03,16081398.60035364
btc,2017-01-04,16083311.10035356
btc,2017-01-05,16085061.10035311
btc,2017-01-06,16087073.60031267
btc,2017-01-07,16088798.60031227
btc,2017-01-08,16090886.10018194
btc,2017-01-09,16092586.10014191
btc,2017-01-10,16094586.10013187
btc,2017-01-11,16096498.60011181
btc,2017-01-12,16098648.59994176
btc,2017-01-13,16100523.59975171
btc,2017-01-14,16102673.59962168
btc,2017-01-15,16104761.09960157
btc,2017-01-16,16106873.59950151
btc,2017-01-17,16108848.59939031
btc,2017-01-18,16110723.59934002
btc,2017-01-19,16112898.59919661
btc,2017-01-20,16115261.09903648
btc,2017-01-21,16117523.59895642
btc,2017-01-22,16119698.59895609
btc,2017-01-23,16121423.598956
btc,2017-01-24,16123286.09895584
btc,2017-01-25,16125148.59893561
btc,2017-01-26,16127086.09884539
btc,2017-01-27,16129211.098835
btc,2017-01-28,16131111.09882497
btc,2017-01-29,16133198.59882495
btc,2017-01-30,16134998.59882487
btc,2017-01-31,16136811.09882471
btc,2017-02-01,16139211.09878458
btc,2017-02-02,16141173.5987845
btc,2017-02-03,16143036.09878438
btc,2017-02-04,16144836.09878436
btc,2017-02-05,16146823.59878433
btc,2017-02-06,16148386.09878432
btc,2017-02-07,16150273.59878425
btc,2017-02-08,16152098.5987822
btc,2017-02-09,16154211.0987711
btc,2017-02-10,16156048.59873996
btc,2017-02-11,16157786.09873994
btc,2017-02-12,16159536.09873789
btc,2017-02-13,16161573.59868583
btc,2017-02-14,16163686.09868578
btc,2017-02-15,16165423.59868566
btc,2017-02-16,16167311.09868552
btc,2017-02-17,16169198.59868544
btc,2017-02-18,16171086.09868541
btc,2017-02-19,16172761.09868541
btc,2017-02-20,16174611.09868534
btc,2017-02-21,16176336.09868522
btc,2017-02-22,16178061.09868515
btc,2017-02-23,16179936.0986851
btc,2017-02-24,16181973.59868503
btc,2017-02-25,16184061.09866502
btc,2017-02-26,16186286.09866499
btc,2017-02-27,16188086.09866491
btc,2017-02-28,16189998.59866475
btc,2017-03-01,16191798.59866461
btc,2017-03-02,16193761.09866456
btc,2017-03-03,16195648.59866437
btc,2017-03-04,16197298.59866431
btc,2017-03-05,16199136.09866426
btc,2017-03-06,16200911.09866417
btc,2017-03-07,16202823.59866404
btc,2017-03-08,16204598.59866386
btc,2017-03-09,16206448.59860357
btc,2017-03-10,16208398.59860345
btc,2017-03-11,16210261.09860343
btc,2017-03-12,16212198.59860341
btc,2017-03-13,16214011.09854876
btc,2017-03-14,16215961.09854864
btc,2017-03-15,16217736.09854854
btc,2017-03-16,16219648.5984084
btc,2017-03-17,16221573.59840831
btc,2017-03-18,16223536.09840687
btc,2017-03-19,16225598.59840686
btc,2017-03-20,16227298.59840683
btc,2017-03-21,16229073.59840678
btc,2017-03-22,16231061.09840667
btc,2017-03-23,16232911.09840638
btc,2017-03-24,16235111.09840637
btc,2017-03-25,16236773.59840636
btc,2017-03-26,16238848.59840634
btc,2017-03-27,16240498.59840625
btc,2017-03-28,16242436.09840615
btc,2017-03-29,16244161.09840603
btc,2017-03-30,16246211.09840588
btc,2017-03-31,16247898.59840576
btc,2017-04-01,16249548.59840573
btc,2017-04-02,16251523.59840571
btc,2017-04-03,16253723.59827566
btc,2017-04-04,16255286.09827559
btc,2017-04-05,16257311.09827556
btc,2017-04-06,16259148.5982755
btc,2017-04-07,16261173.59827543
btc,2017-04-08,16262886.09827542
btc,2017-04-09,16264873.59827541
btc,2017-04-10,16266711.09827534
btc,2017-04-11,16268798.59801882
btc,2017-04-12,16270573.59800866
btc,2017-04-13,16272161.09800859
btc,2017-04-14,16273898.59800848
btc,2017-04-15,16275773.59776844
btc,2017-04-16,16277598.59776841
btc,2017-04-17,16279323.59776834
btc,2017-04-18,16281148.59776821
btc,2017-04-19,16282936.09776807
btc,2017-04-20,16284661.09776791
btc,2017-04-21,16286748.59776784
btc,2017-04-22,16288561.09776778
btc,2017-04-23,16290473.59776771
btc,2017-04-24,16292023.59776769
btc,2017-04-25,16293873.59776745
btc,2017-04-26,16295786.09776734
btc,2017-04-27,16297623.59576723
btc,2017-04-28,16299323.59576713
btc,2017-04-29,16301486.09567707
btc,2017-04-30,16303373.59567704
btc,2017-05-01,16305248.59567638
btc,2017-05-02,16307223.59567634
btc,2017-05-03,16308873.59566627
btc,2017-05-04,16310973.59557622
btc,2017-05-05,16312586.09551617
btc,2017-05-06,16314686.09551609
btc,2017-05-07,16316773.59551607
btc,2017-05-08,16319023.59549604
btc,2017-05-09,16320961.095476
btc,2017-05-10,16322811.09546587
btc,2017-05-11,16324498.59546586
btc,2017-05-12,16326423.59546569
btc,2017-05-13,16328398.59546552
btc,2017-05-14,16330448.59546548
btc,2017-05-15,16332573.59546544
btc,2017-05-16,16334223.59546538
btc,2017-05-17,16336161.09544538
btc,2017-05-18,16337936.09543524
btc,2017-05-19,16339986.09543516
btc,2017-05-20,16342048.5954349
btc,2017-05-21,16343886.09543484
btc,2017-05-22,16345711.09543484
btc,2017-05-23,16347811.09543468
btc,2017-05-24,16349736.09443461
btc,2017-05-25,16351773.59443457
btc,2017-05-26,16353686.09443452
btc,2017-05-27,16355786.09443448
btc,2017-05-28,16357848.59443447
btc,2017-05-29,16359736.09443446
btc,2017-05-30,16361973.59443444
btc,2017-05-31,16364023.59443441
btc,2017-06-01,16366148.5944344
btc,2017-06-02,16367973.59440437
btc,2017-06-03,16370373.59440434
btc,2017-06-04,16372386.09440431
btc,2017-06-05,16374436.09440428
btc,2017-06-06,16376323.59440426
btc,2017-06-07,16378386.09440422
btc,2017-06-08,16380448.5937442
btc,2017-06-09,16382336.09373987
btc,2017-06-10,16384098.59373957
btc,2017-06-11,16385923.59373957
btc,2017-06-12,16387761.09373894
btc,2017-06-13,16389523.59373871
btc,2017-06-14,16391273.59373857
btc,2017-06-15,16393186.09373833
btc,2017-06-16,16395036.09373818
btc,2017-06-17,16396848.59373815
btc,2017-06-18,16398661.09373267
btc,2017-06-19,16400548.59373263
btc,2017-06-20,16402273.59373259
btc,2017-06-21,16404023.59373245
btc,2017-06-22,16405761.09373232
btc,2017-06-23,16407761.09373219
btc,2017-06-24,16409586.09373217
btc,2017-06-25,16411111.09373217
btc,2017-06-26,16412886.09373207
btc,2017-06-27,16414523.59373195
btc,2017-06-28,16416486.09373182
btc,2017-06-29,16417986.09372168
btc,2017-06-30,16419911.09372154
btc,2017-07-01,16421961.09362143
btc,2017-07-02,16424311.09362141
btc,2017-07-03,16426436.09362129
btc,2017-07-04,16428348.59362107
btc,2017-07-05,16430211.09361094
btc,2017-07-06,16431986.09361081
btc,2017-07-07,16433836.09361069
btc,2017-07-08,16435898.59361057
btc,2017-07-09,16437623.59361045
btc,2017-07-10,16440086.09361043
btc,2017-07-11,16442248.5936104
btc,2017-07-12,16444461.09361037
btc,2017-07-13,16446423.59361033
btc,2017-07-14,16448161.09361031
btc,2017-07-15,16449748.5936103
btc,2017-07-16,16451786.09361029
btc,2017-07-17,16453636.09361026
btc,2017-07-18,16455698.59361023
btc,2017-07-19,16457561.09361021
btc,2017-07-20,16459586.09361018
btc,2017-07-21,16461511.09361016
btc,2017-07-22,16463511.09361014
btc,2017-07-23,16465661.09361012
btc,2017-07-24,16467886.0936101
btc,2017-07-25,16469736.09360999
btc,2017-07-26,16471573.59360997
btc,2017-07-27,16473498.59360995
btc,2017-07-28,16475373.59357994
btc,2017-07-29,16477336.09357981
btc,2017-07-30,16479173.5935797
btc,2017-07-31,16480986.0935797
btc,2017-08-01,16482848.59357968
btc,2017-08-02,16484748.59357967
btc,2017-08-03,16486473.59356965
btc,2017-08-04,16488711.09356963
btc,2017-08-05,16490923.59356962
btc,2017-08-06,16492673.59356961
btc,2017-08-07,16494586.0935696
btc,2017-08-08,16496636.09356959
btc,2017-08-09,16498361.09356956
btc,2017-08-10,16500036.09356953
btc,2017-08-11,16501836.09356403
btc,2017-08-12,16503523.59356403
btc,2017-08-13,16505373.59356402
btc,2017-08-14,16506998.59356402
btc,2017-08-15,16508898.59356402
btc,2017-08-16,16510523.59356402
btc,2017-08-17,16512761.09356396
btc,2017-08-18,16514623.59356395
btc,2017-08-19,16516511.09356393
btc,2017-08-20,16518136.09356391
btc,2017-08-21,16519573.59356389
btc,2017-08-22,16520686.09356387
btc,2017-08-23,16522673.59356305
btc,2017-08-24,16523936.09274545
btc,2017-08-25,16525198.59274545
btc,2017-08-26,16526511.09274545
btc,2017-08-27,16528448.59274539
btc,2017-08-28,16530061.09274537
btc,2017-08-29,16531923.59274533
btc,2017-08-30,16534023.59274531
btc,2017-08-31,16536061.09271528
btc,2017-09-01,16538236.09270525
btc,2017-09-02,16540286.09270522
btc,2017-09-03,16542211.09270519
btc,2017-09-04,16544398.59268517
btc,2017-09-05,16546861.09268515
btc,2017-09-06,16548886.09268512
btc,2017-09-07,16551086.0926851
btc,2017-09-08,16553273.59268506
btc,2017-09-09,16555386.09268504
btc,2017-09-10,16557111.09268503
btc,2017-09-11,16559286.092685
btc,2017-09-12,16561636.09268497
btc,2017-09-13,16564011.09268494
btc,2017-09-14,16566186.09268491
btc,2017-09-15,16568436.09267488
btc,2017-09-16,16570548.59267485
btc,2017-09-17,16572748.59267484
btc,2017-09-18,16574336.09267484
btc,2017-09-19,16576286.09266477
btc,2017-09-20,16577748.59265475
btc,2017-09-21,16579948.59263472
btc,2017-09-22,16581686.09263471
btc,2017-09-23,16583761.09263469
btc,2017-09-24,16585573.59263468
btc,2017-09-25,16587136.09263466
btc,2017-09-26,16588861.09263465
btc,2017-09-27,16590698.59263461
btc,2017-09-28,16592911.09263458
btc,2017-09-29,16595023.59260456
btc,2017-09-30,16596748.59260453
btc,2017-10-01,16598373.59260452
btc,2017-10-02,16600248.5926045
btc,2017-10-03,16602536.09260447
btc,2017-10-04,16604211.09260444
btc,2017-10-05,16605773.59260441
btc,2017-10-06,16607761.09260439
btc,2017-10-07,16609736.09260439
btc,2017-10-08,16612011.09260439
btc,2017-10-09,16614023.59260437
btc,2017-10-10,16616023.59260434
btc,2017-10-11,16617761.0923043
btc,2017-10-12,16619673.59180429
btc,2017-10-13,16621373.59180429
btc,2017-10-14,16623136.09170422
btc,2017-10-15,16625573.59160422
btc,2017-10-16,16627748.59150419
btc,2017-10-17,16629798.59149415
btc,2017-10-18,16631686.09149411
btc,2017-10-19,16633911.09059408
btc,2017-10-20,16636148.59039406
btc,2017-10-21,16638061.08969403
btc,2017-10-22,16640336.08909403
btc,2017-10-23,16642473.58899401
btc,2017-10-24,16644561.088794
btc,2017-10-25,16646873.58867213
btc,2017-10-26,16649123.58847211
btc,2017-10-27,16650423.58847211
btc,2017-10-28,16651486.08847207
btc,2017-10-29,16653411.08737205
btc,2017-10-30,16655248.58693202
btc,2017-10-31,16656973.58692201
btc,2017-11-01,16658923.58659198
btc,2017-11-02,16660798.58659196
btc,2017-11-03,16662286.08629195
btc,2017-11-04,16663911.08629192
btc,2017-11-05,16665673.5862919
btc,2017-11-06,16667336.08625459
btc,2017-11-07,16669286.08625456
btc,2017-11-08,16671086.08625455
btc,2017-11-09,16672998.58625453
btc,2017-11-10,16674498.58625451
btc,2017-11-11,16675498.58625451
btc,2017-11-12,16676498.58625451
btc,2017-11-13,16678248.58625446
btc,2017-11-14,16679848.58625443
btc,2017-11-15,16681748.58622711
btc,2017-11-16,16683648.58622709
btc,2017-11-17,16685736.08622707
btc,2017-11-18,16687436.08622705
btc,2017-11-19,16689436.08622703
btc,2017-11-20,16691623.58622701
btc,2017-11-21,16693786.08622699
btc,2017-11-22,16695636.08622697
btc,2017-11-23,16697598.58622695
btc,2017-11-24,16699461.08622693
btc,2017-11-25,16701411.08622691
btc,2017-11-26,16703323.58622689
btc,2017-11-27,16705448.58622688
btc,2017-11-28,16707398.58622686
btc,2017-11-29,16709561.08622612
btc,2017-11-30,16711648.5862061
btc,2017-12-01,16713936.08620608
btc,2017-12-02,16715948.58620607
btc,2017-12-03,16718148.58620606
btc,2017-12-04,16720411.08620604
btc,2017-12-05,16722636.08620602
btc,2017-12-06,16724986.086206
btc,2017-12-07,16726886.086206
btc,2017-12-08,16728836.08620599
btc,2017-12-09,16731011.08620595
btc,2017-12-10,16733061.08620594
btc,2017-12-11,16735198.58620594
btc,2017-12-12,16737148.58620593
btc,2017-12-13,16739473.58620592
btc,2017-12-14,16741786.08620591
btc,2017-12-15,16743898.58620511
btc,2017-12-16,16746036.08620509
btc,2017-12-17,16748348.58620507
btc,2017-12-18,16750623.58620507
btc,2017-12-19,16752373.58620507
btc,2017-12-20,16754073.58620506
btc,2017-12-21,16755723.58620505
btc,2017-12-22,16757661.08620503
btc,2017-12-23,16759398.586205
btc,2017-12-24,16761298.58618499
btc,2017-12-25,16762986.08618499
btc,2017-12-26,16764761.08618497
btc,2017-12-27,16766711.08618495
btc,2017-12-28,16768573.58618493
btc,2017-12-29,16770636.08618492
btc,2017-12-30,16772461.08618491
btc,2017-12-31,16774498.58618491
btc,2018-01-01,16776448.58618491
btc,2018-01-02,16778586.0861849
btc,2018-01-03,16780548.58618488
btc,2018-01-04,16782648.58618486
btc,2018-01-05,16784436.08618409
btc,2018-01-06,16786536.08618407
btc,2018-01-07,16788561.08618405
btc,2018-01-08,16790636.08612404
btc,2018-01-09,16792686.08610402
btc,2018-01-10,16794761.086094
btc,2018-01-11,16797173.58609399
btc,2018-01-12,16799398.58608398
btc,2018-01-13,16801261.08608397
btc,2018-01-14,16803198.58608395
btc,2018-01-15,16805073.58608393
btc,2018-01-16,16807061.08608391
btc,2018-01-17,16809148.58608389
btc,2018-01-18,16811311.08608388
btc,2018-01-19,16813373.58608387
btc,2018-01-20,16815598.58608385
btc,2018-01-21,16817936.08608383
btc,2018-01-22,16820023.58608351
btc,2018-01-23,16822236.08608349
btc,2018-01-24,16824436.08608348
btc,2018-01-25,16826411.08608316
btc,2018-01-26,16828348.58598315
btc,2018-01-27,16830311.08598303
btc,2018-01-28,16832286.08598302
btc,2018-01-29,16834136.08598281
btc,2018-01-30,16836223.58598251
btc,2018-01-31,16837686.0859825
btc,2018-02-01,16839686.08598229
btc,2018-02-02,16841786.08598227
btc,2018-02-03,16843761.08598225
btc,2018-02-04,16845986.08598194
btc,2018-02-05,16848298.58598108
btc,2018-02-06,16850423.58598086
btc,2018-02-07,16852186.08598064
btc,2018-02-08,16853823.58598053
btc,2018-02-09,16855511.08598012
btc,2018-02-10,16857298.5859795
btc,2018-02-11,16859186.0859795
btc,2018-02-12,16861261.08597948
btc,2018-02-13,16863311.08594926
btc,2018-02-14,16865548.58594924
btc,2018-02-15,16867186.08594922
btc,2018-02-16,16869148.5859492
btc,2018-02-17,16871011.08594919
btc,2018-02-18,16873036.08594919
btc,2018-02-19,16875061.08594907
btc,2018-02-20,16876823.58594906
btc,2018-02-21,16878936.08594893
btc,2018-02-22,16880798.58592881
btc,2018-02-23,16882648.58592879
btc,2018-02-24,16884461.08591877
btc,2018-02-25,16886598.58591876
btc,2018-02-26,16888361.08591856
btc,2018-02-27,16890361.08591844
btc,2018-02-28,16892298.58589749
btc,2018-03-01,16894361.08589657
btc,2018-03-02,16896311.08589546
btc,2018-03-03,16898561.08589524
btc,2018-03-04,16900411.08589442
btc,2018-03-05,16902273.5858937
btc,2018-03-06,16904223.58589279
btc,2018-03-07,16906186.08589167
btc,2018-03-08,16908211.0858914
btc,2018-03-09,16910036.0858902
btc,2018-03-10,16911786.085889
btc,2018-03-11,16913698.5858879
btc,2018-03-12,16915711.0858879
btc,2018-03-13,16917686.0858879
btc,2018-03-14,16919486.0858879
btc,2018-03-15,16921286.0858876
btc,2018-03-16,16923236.0858872
btc,2018-03-17,16925098.5858872
btc,2018-03-18,16926986.0858871
btc,2018-03-19,16928923.5858871
btc,2018-03-20,16930511.0858871
btc,2018-03-21,16932411.0858871
btc,2018-03-22,16934198.5858868
btc,2018-03-23,16935861.08588536
btc,2018-03-24,16937811.08588536
btc,2018-03-25,16939498.58588536
btc,2018-03-26,16941373.58588535
btc,2018-03-27,16943273.58588535
btc,2018-03-28,16944961.08588535
btc,2018-03-29,16946861.08586535
btc,2018-03-30,16948886.08586535
btc,2018-03-31,16950486.08586535
btc,2018-04-01,16952511.08586535
btc,2018-04-02,16954461.08586515
btc,2018-04-03,16956498.58586515
btc,2018-04-04,16958336.08586475
btc,2018-04-05,16960286.08586455
btc,2018-04-06,16962011.08586455
btc,2018-04-07,16964261.08586455
btc,2018-04-08,16966273.58586455
btc,2018-04-09,16968111.08584445
btc,2018-04-10,16970161.08584425
btc,2018-04-11,16972173.58584425
btc,2018-04-12,16974098.58584425
btc,2018-04-13,16976161.08584425
btc,2018-04-14,16977873.58584425
btc,2018-04-15,16979911.08584425
btc,2018-04-16,16981673.58584425
btc,2018-04-17,16983698.58584425
btc,2018-04-18,16985698.58584425
btc,2018-04-19,16987923.58584425
btc,2018-04-20,16989636.08584415
btc,2018-04-21,16991623.58584415
btc,2018-04-22,16993623.58583415
btc,2018-04-23,16995536.08582415
btc,2018-04-24,16997523.58582415
btc,2018-04-25,16999061.08582415
btc,2018-04-26,17000823.58582405
btc,2018-04-27,17002598.58582395
btc,2018-04-28,17004198.58582395
btc,2018-04-29,17006173.58582395
btc,2018-04-30,17008111.08582395
btc,2018-05-01,17010086.08581849
btc,2018-05-02,17011836.08581839
btc,2018-05-03,17013723.58581839
btc,2018-05-04,17015448.58581839
btc,2018-05-05,17017461.08579839
btc,2018-05-06,17019173.58579839
btc,2018-05-07,17021048.58579819
btc,2018-05-08,17022786.08579735
btc,2018-05-09,17024786.08579735
btc,2018-05-10,17026711.08579735
btc,2018-05-11,17028298.58579735
btc,2018-05-12,17030361.08579735
btc,2018-05-13,17032211.08579735
btc,2018-05-14,17033861.08579735
btc,2018-05-15,17035686.08576995
btc,2018-05-16,17037923.58576985
btc,2018-05-17,17039573.58576975
btc,2018-05-18,17041423.58574245
btc,2018-05-19,17043348.58574245
btc,2018-05-20,17045148.58574235
btc,2018-05-21,17047111.08574235
btc,2018-05-22,17048998.58574225
btc,2018-05-23,17051023.58574225
btc,2018-05-24,17052811.08574215
btc,2018-05-25,17055011.08574205
btc,2018-05-26,17057036.08574205
btc,2018-05-27,17059086.08574135
btc,2018-05-28,17061036.08571405
btc,2018-05-29,17062773.58571395
btc,2018-05-30,17064948.58568665
btc,2018-05-31,17067073.58565935
btc,2018-06-01,17069148.58565935
btc,2018-06-02,17071048.58565935
btc,2018-06-03,17073086.08565935
btc,2018-06-04,17075373.58563205
btc,2018-06-05,17077561.08560475
btc,2018-06-06,17079398.58557668
btc,2018-06-07,17081186.08554928
btc,2018-06-08,17082992.33552198
btc,2018-06-09,17084779.83552127
btc,2018-06-10,17086367.33552127
btc,2018-06-11,17088117.33549324
btc,2018-06-12,17089929.83546594
btc,2018-06-13,17091717.33543784
btc,2018-06-14,17093629.83540978
btc,2018-06-15,17095542.33540832
btc,2018-06-16,17097617.33540832
btc,2018-06-17,17099579.83540756
btc,2018-06-18,17101629.83538026
btc,2018-06-19,17103567.33537952
btc,2018-06-20,17105504.83537873
btc,2018-06-21,17107629.83412755
btc,2018-06-22,17109517.33410025
btc,2018-06-23,17111517.33410025
btc,2018-06-24,17113654.83409953
btc,2018-06-25,17115617.33409953
btc,2018-06-26,17117442.33409953
btc,2018-06-27,17118954.83407223
btc,2018-06-28,17120917.33404493
btc,2018-06-29,17122804.83401763
btc,2018-06-30,17124567.33401689
btc,2018-07-01,17126404.83401612
btc,2018-07-02,17128167.33401612
btc,2018-07-03,17129617.33390629
btc,2018-07-04,17131292.33390629
btc,2018-07-05,17133004.83387826
btc,2018-07-06,17135004.83379718
btc,2018-07-07,17136954.83379718
btc,2018-07-08,17138929.83379718
btc,2018-07-09,17140629.83376909
btc,2018-07-10,17142492.33368776
btc,2018-07-11,17144179.83366046
btc,2018-07-12,17145942.33363316
btc,2018-07-13,17147729.83349486
btc,2018-07-14,17149392.33349486
btc,2018-07-15,17151054.83349486
btc,2018-07-16,17152554.83346756
btc,2018-07-17,17154542.33344026
btc,2018-07-18,17156717.33341148
btc,2018-07-19,17158854.83338348
btc,2018-07-20,17160779.83335618
btc,2018-07-21,17162492.33335618
btc,2018-07-22,17164767.33335618
btc,2018-07-23,17166842.33332888
btc,2018-07-24,17168829.83330082
btc,2018-07-25,17171042.3332728
btc,2018-07-26,17173104.8332728
btc,2018-07-27,17175192.33327127
btc,2018-07-28,17177004.83327054
btc,2018-07-29,17179129.83316199
btc,2018-07-30,17180804.83316199
btc,2018-07-31,17182642.33315121
btc,2018-08-01,17184517.33311234
btc,2018-08-02,17186429.83261354
btc,2018-08-03,17188504.83253624
btc,2018-08-04,17190704.83253624
btc,2018-08-05,17192704.83229624
btc,2018-08-06,17194342.33226815
btc,2018-08-07,17196229.83224085
btc,2018-08-08,17198192.33222845
btc,2018-08-09,17200054.83222299
btc,2018-08-10,17202254.83203226
btc,2018-08-11,17204379.83203226
btc,2018-08-12,17206317.33203152
btc,2018-08-13,17208192.33203076
btc,2018-08-14,17209892.33203076
btc,2018-08-15,17211904.83202991
btc,2018-08-16,17213879.83202991
btc,2018-08-17,17215779.83202445
btc,2018-08-18,17217779.83181445
btc,2018-08-19,17219592.33156289
btc,2018-08-20,17221467.33110289
btc,2018-08-21,17223317.33110221
btc,2018-08-22,17225317.33110071
btc,2018-08-23,17227179.83107268
btc,2018-08-24,17229004.83104538
btc,2018-08-25,17230692.33104538
btc,2018-08-26,17232854.83104323
btc,2018-08-27,17235167.33088593
btc,2018-08-28,17237079.83085863
btc,2018-08-29,17238817.33083133
btc,2018-08-30,17240742.33080327
btc,2018-08-31,17242679.83077441
btc,2018-09-01,17244567.33077441
btc,2018-09-02,17246367.33077364
btc,2018-09-03,17248167.33074558
btc,2018-09-04,17249742.33071828
btc,2018-09-05,17251392.3304288
btc,2018-09-06,17253267.33040071
btc,2018-09-07,17255167.33037341
btc,2018-09-08,17257042.33037341
btc,2018-09-09,17259079.83037341
btc,2018-09-10,17260767.33034611
btc,2018-09-11,17262529.83034611
btc,2018-09-12,17264629.8303345
btc,2018-09-13,17266479.8303337
btc,2018-09-14,17268129.8303064
btc,2018-09-15,17269879.8303064
btc,2018-09-16,17271617.33030562
btc,2018-09-17,17273304.8302947
btc,2018-09-18,17275079.8302474
btc,2018-09-19,17277029.8302201
btc,2018-09-20,17278954.8301928
btc,2018-09-21,17280754.83016477
btc,2018-09-22,17282692.330164
btc,2018-09-23,17284567.330164
btc,2018-09-24,17286417.3301367
btc,2018-09-25,17288529.8301094
btc,2018-09-26,17290267.3300821
btc,2018-09-27,17292054.83005479
btc,2018-09-28,17293979.82997749
btc,2018-09-29,17295879.82996749
btc,2018-09-30,17297917.32996749
btc,2018-10-01,17299892.32994019
btc,2018-10-02,17301604.82991289
btc,2018-10-03,17303417.32988559
btc,2018-10-04,17305292.32985829
btc,2018-10-05,17306917.32985829
btc,2018-10-06,17308479.82985829
btc,2018-10-07,17310254.82985759
btc,2018-10-08,17311942.32985759
btc,2018-10-09,17313567.32983029
btc,2018-10-10,17315367.32979299
btc,2018-10-11,17317354.82976569
btc,2018-10-12,17319004.82973839
btc,2018-10-13,17320767.32973839
btc,2018-10-14,17322192.32973839
btc,2018-10-15,17324217.32971109
btc,2018-10-16,17325904.82968379
btc,2018-10-17,17327629.82965649
btc,2018-10-18,17329354.82962919
btc,2018-10-19,17331129.82960189
btc,2018-10-20,17332917.32960189
btc,2018-10-21,17334642.32960189
btc,2018-10-22,17336579.82957459
btc,2018-10-23,17338504.82954649
btc,2018-10-24,17339917.32951919
btc,2018-10-25,17341629.82949189
btc,2018-10-26,17343417.32946459
btc,2018-10-27,17345117.32946459
btc,2018-10-28,17346867.32946459
btc,2018-10-29,17348692.32943729
btc,2018-10-30,17350617.32943729
btc,2018-10-31,17352654.82940999
btc,2018-11-01,17354579.82940999
btc,2018-11-02,17356367.32940999
btc,2018-11-03,17358379.82940925
btc,2018-11-04,17359917.32940925
btc,2018-11-05,17361717.32940925
btc,2018-11-06,17363317.32938195
btc,2018-11-07,17364942.32935391
btc,2018-11-08,17366454.82932661
btc,2018-11-09,17368042.32929931
btc,2018-11-10,17369679.82929931
btc,2018-11-11,17371504.82929931
btc,2018-11-12,17373254.82927201
btc,2018-11-13,17374754.82924471
btc,2018-11-14,17376442.32924471
btc,2018-11-15,17378029.8291894
btc,2018-11-16,17379604.8291621
btc,2018-11-17,17381417.3291621
btc,2018-11-18,17382954.8291621
btc,2018-11-19,17384529.8291348
btc,2018-11-20,17386179.8291075
btc,2018-11-21,17387492.3290802
btc,2018-11-22,17389017.3290529
btc,2018-11-23,17390579.8290256
btc,2018-11-24,17392367.3290256
btc,2018-11-25,17393954.8290256
btc,2018-11-26,17395342.3289983
btc,2018-11-27,17396979.8289983
btc,2018-11-28,17398454.82796581
btc,2018-11-29,17399767.32793851
btc,2018-11-30,17401029.82791121
btc,2018-12-01,17402579.82791121
btc,2018-12-02,17404004.82791121
btc,2018-12-03,17405429.82788391
btc,2018-12-04,17407154.82785661
btc,2018-12-05,17408779.82782931
btc,2018-12-06,17410467.32780201
btc,2018-12-07,17411892.32777471
btc,2018-12-08,17413479.82777471
btc,2018-12-09,17415079.82777471
btc,2018-12-10,17416629.82774741
btc,2018-12-11,17418192.32771934
btc,2018-12-12,17419692.32769204
btc,2018-12-13,17421329.82766474
btc,2018-12-14,17423154.82763744
btc,2018-12-15,17425017.32763744
btc,2018-12-16,17426454.82763744
btc,2018-12-17,17428454.82761014
btc,2018-12-18,17430054.82758283
btc,2018-12-19,17431917.32755549
btc,2018-12-20,17433604.82752819
btc,2018-12-21,17435354.82750089
btc,2018-12-22,17437542.32750089
btc,2018-12-23,17439742.32750089
btc,2018-12-24,17441642.32747359
btc,2018-12-25,17443629.82747359
btc,2018-12-26,17445592.32747359
btc,2018-12-27,17447767.32744629
btc,2018-12-28,17449854.8274135
btc,2018-12-29,17451579.82740804
btc,2018-12-30,17453779.82740804
btc,2018-12-31,17455717.32738074
btc,2019-01-01,17457579.82738074
btc,2019-01-02,17459467.32735344
btc,2019-01-03,17461404.82732614
btc,2019-01-04,17463267.32729884
btc,2019-01-05,17465304.82729884
btc,2019-01-06,17467067.32729884
btc,2019-01-07,17468829.82727154
btc,2019-01-08,17470942.32724424
btc,2019-01-09,17472992.32720693
btc,2019-01-10,17474942.32717963
btc,2019-01-11,17476792.32715233
btc,2019-01-12,17478517.32715233
btc,2019-01-13,17480229.82715233
btc,2019-01-14,17482092.32712503
btc,2019-01-15,17483742.32709773
btc,2019-01-16,17485404.82707043
btc,2019-01-17,17486992.32704313
btc,2019-01-18,17488717.32701583
btc,2019-01-19,17490379.82701583
btc,2019-01-20,17492342.32701583
btc,2019-01-21,17494217.32701583
btc,2019-01-22,17495842.32701583
btc,2019-01-23,17497667.32701583
btc,2019-01-24,17499692.32701504
btc,2019-01-25,17501417.32701504
btc,2019-01-26,17503292.32701504
btc,2019-01-27,17505004.82701504
btc,2019-01-28,17506817.32701504
btc,2019-01-29,17508642.32699504
btc,2019-01-30,17510342.32699504
btc,2019-01-31,17512279.82699504
btc,2019-02-01,17514254.82699504
btc,2019-02-02,17516054.82699504
btc,2019-02-03,17517779.82699504
btc,2019-02-04,17519617.32699504
btc,2019-02-05,17521454.82699504
btc,2019-02-06,17523504.82699504
btc,2019-02-07,17525679.82699504
btc,2019-02-08,17527717.32698958
btc,2019-02-09,17529592.32698958
btc,2019-02-10,17531342.32698958
btc,2019-02-11,17533154.82698958
btc,2019-02-12,17534754.82698412
btc,2019-02-13,17536667.32697866
btc,2019-02-14,17538429.8269732
btc,2019-02-15,17540017.32696774
btc,2019-02-16,17541892.32696774
btc,2019-02-17,17543879.82696774
btc,2019-02-18,17545817.32696228
btc,2019-02-19,17547767.32695682
btc,2019-02-20,17549392.32695136
btc,2019-02-21,17550879.8269459
btc,2019-02-22,17552904.82694044
btc,2019-02-23,17554692.32694044
btc,2019-02-24,17556404.82694044
btc,2019-02-25,17558192.32693498
btc,2019-02-26,17560204.82692952
btc,2019-02-27,17561967.32692331
btc,2019-02-28,17563842.32691785
btc,2019-03-01,17565867.32691239
btc,2019-03-02,17567517.32691239
btc,2019-03-03,17569342.32691239
btc,2019-03-04,17571054.82690693
btc,2019-03-05,17572917.32690147
btc,2019-03-06,17574517.32690147
btc,2019-03-07,17576292.32689601
btc,2019-03-08,17578117.32689601
btc,2019-03-09,17579842.32687417
btc,2019-03-10,17581542.32687417
btc,2019-03-11,17583317.32686871
btc,2019-03-12,17585104.82686871
btc,2019-03-13,17586792.32686325
btc,2019-03-14,17588729.82685724
btc,2019-03-15,17590642.32685178
btc,2019-03-16,17592679.82685178
btc,2019-03-17,17594504.82685178
btc,2019-03-18,17596517.32684577
btc,2019-03-19,17598692.32684031
btc,2019-03-20,17600704.82683485
btc,2019-03-21,17602492.32682939
btc,2019-03-22,17604504.82670847
btc,2019-03-23,17606317.32670847
btc,2019-03-24,17608192.32670847
btc,2019-03-25,17610042.32670301
btc,2019-03-26,17611717.32669209
btc,2019-03-27,17613579.82668663
btc,2019-03-28,17615404.82666117
btc,2019-03-29,17617242.32664571
btc,2019-03-30,17618979.82664571
btc,2019-03-31,17620717.32664461
btc,2019-04-01,17622417.32663915
btc,2019-04-02,17624379.82663369
btc,2019-04-03,17626154.82662823
btc,2019-04-04,17627904.82662823
btc,2019-04-05,17629879.82661731
btc,2019-04-06,17631617.32661731
btc,2019-04-07,17633379.82661731
btc,2019-04-08,17635229.82661185
btc,2019-04-09,17636879.82660639
btc,2019-04-10,17638729.82460093
btc,2019-04-11,17640692.32459547
btc,2019-04-12,17642579.82459001
btc,2019-04-13,17644267.32459001
btc,2019-04-14,17645792.32459001
btc,2019-04-15,17647604.82458455
btc,2019-04-16,17649417.32457909
btc,2019-04-17,17651142.32457308
btc,2019-04-18,17653004.82457308
btc,2019-04-19,17654904.82456762
btc,2019-04-20,17656542.32456762
btc,2019-04-21,17658567.32456762
btc,2019-04-22,17660242.32456762
btc,2019-04-23,17661692.32456216
btc,2019-04-24,17663729.8245567
btc,2019-04-25,17665517.3245567
btc,2019-04-26,17667404.82455124
btc,2019-04-27,17669117.32455124
btc,2019-04-28,17671154.82455124
btc,2019-04-29,17673192.32454578
btc,2019-04-30,17674942.32454032
btc,2019-05-01,17677079.82454032
btc,2019-05-02,17679379.82453486
btc,2019-05-03,17681279.8244194
btc,2019-05-04,17682929.8244194
btc,2019-05-05,17684542.3244194
btc,2019-05-06,17686429.82441394
btc,2019-05-07,17688017.32440848
btc,2019-05-08,17689917.32440302
btc,2019-05-09,17691792.32439756
btc,2019-05-10,17693354.82439756
btc,2019-05-11,17694979.82439756
btc,2019-05-12,17696954.8243915
btc,2019-05-13,17699042.32438604
btc,2019-05-14,17700942.32438058
btc,2019-05-15,17702804.82438058
btc,2019-05-16,17704629.82438058
btc,2019-05-17,17706517.32438048
btc,2019-05-18,17708429.82437492
btc,2019-05-19,17710467.32437492
btc,2019-05-20,17712479.82436936
btc,2019-05-21,17714392.32436936
btc,2019-05-22,17716479.82435844
btc,2019-05-23,17718454.82435298
btc,2019-05-24,17720367.32434752
btc,2019-05-25,17722117.32434752
btc,2019-05-26,17724179.82434752
btc,2019-05-27,17726267.32434206
btc,2019-05-28,17728317.3243366
btc,2019-05-29,17730492.32433104
btc,2019-05-30,17732492.32433104
btc,2019-05-31,17733954.82433104
btc,2019-06-01,17735842.32432548
btc,2019-06-02,17737479.82432002
btc,2019-06-03,17738967.32431992
btc,2019-06-04,17740892.32431992
btc,2019-06-05,17742892.32431446
btc,2019-06-06,17744854.82431436
btc,2019-06-07,17746829.82431436
btc,2019-06-08,17748379.82431436
btc,2019-06-09,17750217.32431436
btc,2019-06-10,17752179.82431436
btc,2019-06-11,17753967.32431436
btc,2019-06-12,17755604.82431436
btc,2019-06-13,17757492.32431436
btc,2019-06-14,17759604.82431436
btc,2019-06-15,17761429.82431436
btc,2019-06-16,17763054.82431436
btc,2019-06-17,17764717.32431436
btc,2019-06-18,17766754.82431426
btc,2019-06-19,17768967.32431416
btc,2019-06-20,17770767.32431416
btc,2019-06-21,17772429.82431416
btc,2019-06-22,17774192.32431416
btc,2019-06-23,17776454.82431406
btc,2019-06-24,17778667.32431406
btc,2019-06-25,17780492.32431406
btc,2019-06-26,17782554.82431406
btc,2019-06-27,17784329.82431406
btc,2019-06-28,17786367.32431406
btc,2019-06-29,17788542.32431406
btc,2019-06-30,17790442.32431396
btc,2019-07-01,17792229.82431386
btc,2019-07-02,17794204.82431386
btc,2019-07-03,17796354.82431386
btc,2019-07-04,17798442.32416642
btc,2019-07-05,17800804.82404084
btc,2019-07-06,17803029.82404084
btc,2019-07-07,17804942.32403538
btc,2019-07-08,17807167.32403538
btc,2019-07-09,17809092.32395348
btc,2019-07-10,17810704.82394802
btc,2019-07-11,17812317.32364226
btc,2019-07-12,17814367.32362588
btc,2019-07-13,17816129.82349484
btc,2019-07-14,17817942.32349484
btc,2019-07-15,17819767.32349484
btc,2019-07-16,17821792.32349474
btc,2019-07-17,17823454.82335824
btc,2019-07-18,17824967.32331456
btc,2019-07-19,17826442.3232545
btc,2019-07-20,17828654.8232544
btc,2019-07-21,17830517.3232544
btc,2019-07-22,17832492.3232544
btc,2019-07-23,17834279.82314518
btc,2019-07-24,17836017.32314518
btc,2019-07-25,17837892.32303598
btc,2019-07-26,17839967.3230195
btc,2019-07-27,17841867.32301948
btc,2019-07-28,17844054.82301948
btc,2019-07-29,17846154.82289936
btc,2019-07-30,17847929.82289936
btc,2019-07-31,17850067.32289936
btc,2019-08-01,17851842.32289936
btc,2019-08-02,17853954.82289936
btc,2019-08-03,17856117.3227574
btc,2019-08-04,17858204.8227574
btc,2019-08-05,17859992.3227574
btc,2019-08-06,17862004.82275739
btc,2019-08-07,17863917.32275739
btc,2019-08-08,17865692.32275739
btc,2019-08-09,17867529.82262079
btc,2019-08-10,17869417.32262079
btc,2019-08-11,17871329.82254971
btc,2019-08-12,17872992.32254415
btc,2019-08-13,17874954.82254405
btc,2019-08-14,17876854.82254405
btc,2019-08-15,17878817.32254405
btc,2019-08-16,17880654.82254405
btc,2019-08-17,17882254.82243485
btc,2019-08-18,17883829.82243485
btc,2019-08-19,17885867.32243485
btc,2019-08-20,17887779.82243485
btc,2019-08-21,17889479.82243485
btc,2019-08-22,17891242.32242939
btc,2019-08-23,17893154.82242939
btc,2019-08-24,17895154.82242939
btc,2019-08-25,17897092.32232939
btc,2019-08-26,17898804.82232939
btc,2019-08-27,17900492.32232939
btc,2019-08-28,17902379.82232939
btc,2019-08-29,17904442.32232939
btc,2019-08-30,17906442.32224839
btc,2019-08-31,17908517.32219925
btc,2019-09-01,17910304.82219925
btc,2019-09-02,17912167.32219925
btc,2019-09-03,17914217.32219925
btc,2019-09-04,17915917.32219379
btc,2019-09-05,17917979.82217195
btc,2019-09-06,17919954.82217195
btc,2019-09-07,17921829.82215557
btc,2019-09-08,17924042.32215557
btc,2019-09-09,17925867.32215557
btc,2019-09-10,17928142.32215557
btc,2019-09-11,17930442.32210557
btc,2019-09-12,17932417.32210557
btc,2019-09-13,17934292.32210557
btc,2019-09-14,17936229.82210557
btc,2019-09-15,17938067.32210557
btc,2019-09-16,17940104.82210557
btc,2019-09-17,17941954.82210557
btc,2019-09-18,17944129.82210557
btc,2019-09-19,17945979.82209557
btc,2019-09-20,17947867.32208465
btc,2019-09-21,17949942.32208465
btc,2019-09-22,17952017.32208465
btc,2019-09-23,17953442.32208465
btc,2019-09-24,17955404.82207373
btc,2019-09-25,17957354.82207373
btc,2019-09-26,17959492.32206827
btc,2019-09-27,17961142.32206827
btc,2019-09-28,17963129.82206827
btc,2019-09-29,17964829.82206827
btc,2019-09-30,17966454.82206827
btc,2019-10-01,17968242.32206827
btc,2019-10-02,17970092.32203627
btc,2019-10-03,17971929.82203627
btc,2019-10-04,17973767.32203081
btc,2019-10-05,17975742.32202535
btc,2019-10-06,17977604.82202535
btc,2019-10-07,17979542.32202535
btc,2019-10-08,17981567.32200351
btc,2019-10-09,17983292.32200351
btc,2019-10-10,17985317.32200351
btc,2019-10-11,17987267.32198713
btc,2019-10-12,17988929.82195437
btc,2019-10-13,17990704.82195437
btc,2019-10-14,17992392.32194891
btc,2019-10-15,17994304.82194345
btc,2019-10-16,17996092.32193794
btc,2019-10-17,17997967.32193248
btc,2019-10-18,17999967.32192702
btc,2019-10-19,18001742.32192701
btc,2019-10-20,18003567.321927
btc,2019-10-21,18005554.82192154
btc,2019-10-22,18007667.32188878
btc,2019-10-23,18009767.32188878
btc,2019-10-24,18011429.82185602
btc,2019-10-25,18013154.82182326
btc,2019-10-26,18014904.82182326
btc,2019-10-27,18016342.32182326
btc,2019-10-28,18018017.32180779
btc,2019-10-29,18019679.82177503
btc,2019-10-30,18021354.82176957
btc,2019-10-31,18023004.82176411
btc,2019-11-01,18024629.82176411
btc,2019-11-02,18026304.82176411
btc,2019-11-03,18028029.82176411
btc,2019-11-04,18029679.82175865
btc,2019-11-05,18031479.82171589
btc,2019-11-06,18033129.82168313
btc,2019-11-07,18034817.32167767
btc,2019-11-08,18036417.32167221
btc,2019-11-09,18038217.32167221
btc,2019-11-10,18040292.32167221
btc,2019-11-11,18042179.82166675
btc,2019-11-12,18043867.32166129
btc,2019-11-13,18045554.82165583
btc,2019-11-14,18047667.32165037
btc,2019-11-15,18049642.32164491
btc,2019-11-16,18051492.32164491
btc,2019-11-17,18053417.32164491
btc,2019-11-18,18055167.32163945
btc,2019-11-19,18057004.82163399
btc,2019-11-20,18058779.82163399
btc,2019-11-21,18060492.32162853
btc,2019-11-22,18062142.32162307
btc,2019-11-23,18064304.82162307
btc,2019-11-24,18065942.32162307
btc,2019-11-25,18067504.82162307
btc,2019-11-26,18069029.82162307
btc,2019-11-27,18070767.32161215
btc,2019-11-28,18072804.82160669
btc,2019-11-29,18074504.82160669
btc,2019-11-30,18076079.82160668
btc,2019-12-01,18077817.32160668
btc,2019-12-02,18079629.82160122
btc,2019-12-03,18081604.82160122
btc,2019-12-04,18083692.32159576
btc,2019-12-05,18085504.8215903
btc,2019-12-06,18087317.32158484
btc,2019-12-07,18089254.82158484
btc,2019-12-08,18091104.82158484
btc,2019-12-09,18092954.82157938
btc,2019-12-10,18094804.82154116
btc,2019-12-11,18096454.8215357
btc,2019-12-12,18098117.32153024
btc,2019-12-13,18100017.32152478
btc,2019-12-14,18101904.82151478
btc,2019-12-15,18103454.82144478
btc,2019-12-16,18105417.32143932
btc,2019-12-17,18107179.82143386
btc,2019-12-18,18108854.8214284
btc,2019-12-19,18110817.32142294
btc,2019-12-20,18112767.32141748
btc,2019-12-21,18114967.32141748
btc,2019-12-22,18117079.82141748
btc,2019-12-23,18118867.32141202
btc,2019-12-24,18120429.82140656
btc,2019-12-25,18122029.82140656
btc,2019-12-26,18124117.32140656
btc,2019-12-27,18125929.8214011
btc,2019-12-28,18127792.3214011
btc,2019-12-29,18129729.8214011
btc,2019-12-30,18131804.82139564
btc,2019-12-31,18133617.32139018
btc,2020-01-01,18135792.32139018
btc,2020-01-02,18137554.82135472
btc,2020-01-03,18139667.32134926
btc,2020-01-04,18141767.32134926
btc,2020-01-05,18143804.82134926
btc,2020-01-06,18145492.3213438
btc,2020-01-07,18147692.32133834
btc,2020-01-08,18149467.32133834
btc,2020-01-09,18151429.82132742
btc,2020-01-10,18153292.32132196
btc,2020-01-11,18155329.82132196
btc,2020-01-12,18157217.32132196
btc,2020-01-13,18159004.82132196
btc,2020-01-14,18160817.3213165
btc,2020-01-15,18162704.82130558
btc,2020-01-16,18164692.32130012
btc,2020-01-17,18166679.82129466
btc,2020-01-18,18168329.82129466
btc,2020-01-19,18170204.82129466
btc,2020-01-20,18172104.8212692
btc,2020-01-21,18174017.3212692
btc,2020-01-22,18175967.32126374
btc,2020-01-23,18177954.82126374
btc,2020-01-24,18179854.82125828
btc,2020-01-25,18181904.82125828
btc,2020-01-26,18183692.32125828
btc,2020-01-27,18185304.82125828
btc,2020-01-28,18187079.82125282
btc,2020-01-29,18189079.82125282
btc,2020-01-30,18191029.82124736
btc,2020-01-31,18192829.82124736
btc,2020-02-01,18194717.3212419
btc,2020-02-02,18196504.8212419
btc,2020-02-03,18198354.8212419
btc,2020-02-04,18200004.8212409
btc,2020-02-05,18201992.3212109
btc,2020-02-06,18203679.8212109
btc,2020-02-07,18205417.32121089
btc,2020-02-08,18207154.82121089
btc,2020-02-09,18209067.32121089
btc,2020-02-10,18210592.32121089
btc,2020-02-11,18212442.32121089
btc,2020-02-12,18214217.32121089
btc,2020-02-13,18215979.82121089
btc,2020-02-14,18217667.32121089
btc,2020-02-15,18219442.32121089
btc,2020-02-16,18221217.32121089
btc,2020-02-17,18223179.82121089
btc,2020-02-18,18225054.82121089
btc,2020-02-19,18226817.32121089
btc,2020-02-20,18228392.32121089
btc,2020-02-21,18230317.32121089
btc,2020-02-22,18232167.32120809
btc,2020-02-23,18233942.32120809
btc,2020-02-24,18235704.82120809
btc,2020-02-25,18237504.82120263
btc,2020-02-26,18239204.82120263
btc,2020-02-27,18241042.32120263
btc,2020-02-28,18243017.32120263
btc,2020-02-29,18244754.8212026
btc,2020-03-01,18246967.32120187
btc,2020-03-02,18248829.82116911
btc,2020-03-03,18250742.32116365
btc,2020-03-04,18252829.82115819
btc,2020-03-05,18254867.32115273
btc,2020-03-06,18256804.82114727
btc,2020-03-07,18258767.32114727
btc,2020-03-08,18260742.32114727
btc,2020-03-09,18262617.32111181
btc,2020-03-10,18264267.32111181
btc,2020-03-11,18265754.82111181
btc,2020-03-12,18267642.32111181
btc,2020-03-13,18269204.82111181
btc,2020-03-14,18270804.82107905
btc,2020-03-15,18272292.32107905
btc,2020-03-16,18273779.82107905
btc,2020-03-17,18275317.32107359
btc,2020-03-18,18276567.32104359
btc,2020-03-19,18277904.82103267
btc,2020-03-20,18279267.32100537
btc,2020-03-21,18280817.32099991
btc,2020-03-22,18282404.82099991
btc,2020-03-23,18283804.82099991
btc,2020-03-24,18285454.82099991
btc,2020-03-25,18286604.82099991
btc,2020-03-26,18288604.82096715
btc,2020-03-27,18290542.32096169
btc,2020-03-28,18292229.82096169
btc,2020-03-29,18294117.32096169
btc,2020-03-30,18295954.82095623
btc,2020-03-31,18297942.32092347
btc,2020-04-01,18299854.82092347
btc,2020-04-02,18301767.32089617
btc,2020-04-03,18303417.32089071
btc,2020-04-04,18305379.82089071
btc,2020-04-05,18307567.32089071
btc,2020-04-06,18309167.32088525
btc,2020-04-07,18311267.32085239
btc,2020-04-08,18313067.32084693
btc,2020-04-09,18314992.32084693
btc,2020-04-10,18317029.82084693
btc,2020-04-11,18319017.32084693
btc,2020-04-12,18320929.82084693
btc,2020-04-13,18323067.32084693
btc,2020-04-14,18325167.32084693
btc,2020-04-15,18327279.82081963
btc,2020-04-16,18329204.82081895
btc,2020-04-17,18330792.32081895
btc,2020-04-18,18332767.32081895
btc,2020-04-19,18334667.32081895
btc,2020-04-20,18336679.82081895
btc,2020-04-21,18338542.32081895
btc,2020-04-22,18340179.82081895
btc,2020-04-23,18341954.82081895
btc,2020-04-24,18343754.82081895
btc,2020-04-25,18345454.82081895
btc,2020-04-26,18347167.32081895
btc,2020-04-27,18348929.82081895
btc,2020-04-28,18350854.82081895
btc,2020-04-29,18352667.32081895
btc,2020-04-30,18354354.82081895
btc,2020-05-01,18356117.32081895
btc,2020-05-02,18357967.32081895
btc,2020-05-03,18360067.32081895
btc,2020-05-04,18362042.32079165
btc,2020-05-05,18364017.32079165
btc,2020-05-06,18365942.32079165
btc,2020-05-07,18367779.82079165
btc,2020-05-08,18369492.32079165
btc,2020-05-09,18371192.32078165
btc,2020-05-10,18373317.32078165
btc,2020-05-11,18375098.57078164
btc,2020-05-12,18376011.07078164
btc,2020-05-13,18376754.82078164
btc,2020-05-14,18377467.32078164
btc,2020-05-15,18378248.57078164
btc,2020-05-16,18379036.07078164
btc,2020-05-17,18379673.57078164
btc,2020-05-18,18380473.57078164
btc,2020-05-19,18381192.32078164
btc,2020-05-20,18381911.07078164
btc,2020-05-21,18382729.82077618
btc,2020-05-22,18383423.57077071
btc,2020-05-23,18384167.32076525
btc,2020-05-24,18384892.32076525
btc,2020-05-25,18385673.57076525
btc,2020-05-26,18386448.57076525
btc,2020-05-27,18387311.07074865
btc,2020-05-28,18388129.82074308
btc,2020-05-29,18388923.57074308
btc,2020-05-30,18389898.57073751
btc,2020-05-31,18390836.07073751
btc,2020-06-01,18391673.57071021
btc,2020-06-02,18392479.82071021
btc,2020-06-03,18393348.57070464
btc,2020-06-04,18394292.32069918
btc,2020-06-05,18395411.07069918
btc,2020-06-06,18396636.07068826
btc,2020-06-07,18397629.82066096
btc,2020-06-08,18398642.32066096
btc,2020-06-09,18399642.32066096
btc,2020-06-10,18400667.32063366
btc,2020-06-11,18401823.57060636
btc,2020-06-12,18402842.32057906
btc,2020-06-13,18403829.82057906
btc,2020-06-14,18404892.32057906
btc,2020-06-15,18405754.82057906
btc,2020-06-16,18406692.32057906
btc,2020-06-17,18407554.82057906
btc,2020-06-18,18408323.57057906
btc,2020-06-19,18409217.32057906
btc,2020-06-20,18410073.57057906
btc,2020-06-21,18410986.07056268
btc,2020-06-22,18411879.82056268
btc,2020-06-23,18412867.32056268
btc,2020-06-24,18413736.07056268
btc,2020-06-25,18414617.32056268
btc,2020-06-26,18415642.32053538
btc,2020-06-27,18416504.82053538
btc,2020-06-28,18417442.32053538
btc,2020-06-29,18418348.57053537
btc,2020-06-30,18419267.32053537
btc,2020-07-01,18420279.82050807
btc,2020-07-02,18421304.82048077
btc,2020-07-03,18422323.57048077
btc,2020-07-04,18423304.82048077
btc,2020-07-05,18424323.57048075
btc,2020-07-06,18425286.07048075
btc,2020-07-07,18426292.32044799
btc,2020-07-08,18427236.07044799
btc,2020-07-09,18428261.07044799
btc,2020-07-10,18429267.32044799
btc,2020-07-11,18430242.32044799
btc,2020-07-12,18431192.32044799
btc,2020-07-13,18432111.07044799
btc,2020-07-14,18433011.07042069
btc,2020-07-15,18433873.57040977
btc,2020-07-16,18434723.57040977
btc,2020-07-17,18435461.07037701
btc,2020-07-18,18436273.57037155
btc,2020-07-19,18437092.32037155
btc,2020-07-20,18437973.57037155
btc,2020-07-21,18438754.82035517
btc,2020-07-22,18439654.82031695
btc,2020-07-23,18440504.82031149
btc,2020-07-24,18441511.04295689
btc,2020-07-25,18442398.46415089
btc,2020-07-26,18443385.90973289
btc,2020-07-27,18444317.12879289
btc,2020-07-28,18445223.37879289
btc,2020-07-29,18446148.37875467
btc,2020-07-30,18446992.12875467
btc,2020-07-31,18447948.37875467
btc,2020-08-01,18448804.62875467
btc,2020-08-02,18449685.87873375
btc,2020-08-03,18450698.37871637
btc,2020-08-04,18451604.62871091
btc,2020-08-05,18452410.87871091
btc,2020-08-06,18453385.87871091
btc,2020-08-07,18454335.87870545
btc,2020-08-08,18455223.37870545
btc,2020-08-09,18456198.37870545
btc,2020-08-10,18457054.62870545
btc,2020-08-11,18458017.12870545
btc,2020-08-12,18458998.37870545
btc,2020-08-13,18459917.12870112
btc,2020-08-14,18460960.87865277
btc,2020-08-15,18461935.87865277
btc,2020-08-16,18462885.87865277
btc,2020-08-17,18463667.12865277
btc,2020-08-18,18464542.12865277
btc,2020-08-19,18465404.62862001
btc,2020-08-20,18466317.12861455
btc,2020-08-21,18467285.87857087
btc,2020-08-22,18468135.87855438
btc,2020-08-23,18469117.12855438
btc,2020-08-24,18470048.37854892
btc,2020-08-25,18470848.37854892
btc,2020-08-26,18471735.87854892
btc,2020-08-27,18472542.12854892
btc,2020-08-28,18473560.87852162
btc,2020-08-29,18474473.37852162
btc,2020-08-30,18475267.12852162
btc,2020-08-31,18476204.62852162
btc,2020-09-01,18477167.12852162
btc,2020-09-02,18478067.12852162
btc,2020-09-03,18478873.37852162
btc,2020-09-04,18479717.12852162
btc,2020-09-05,18480598.37849432
btc,2020-09-06,18481535.87849432
btc,2020-09-07,18482629.62849432
btc,2020-09-08,18483598.37849432
btc,2020-09-09,18484529.6284834
btc,2020-09-10,18485517.12847248
btc,2020-09-11,18486379.62847248
btc,2020-09-12,18487442.12847248
btc,2020-09-13,18488454.62847248
btc,2020-09-14,18489554.62847248
btc,2020-09-15,18490529.62847248
btc,2020-09-16,18491498.37846702
btc,2020-09-17,18492610.87846702
btc,2020-09-18,18493642.12846213
btc,2020-09-19,18494573.37844029
btc,2020-09-20,18495460.87782331
btc,2020-09-21,18496367.12781785
btc,2020-09-22,18497173.37781785
btc,2020-09-23,18498060.87781785
btc,2020-09-24,18498917.12781785
btc,2020-09-25,18499973.37744111
btc,2020-09-26,18500910.87720381
btc,2020-09-27,18501860.87680381
btc,2020-09-28,18502667.12650381
btc,2020-09-29,18503548.37650381
btc,2020-09-30,18504523.37650371
btc,2020-10-01,18505298.37650371
btc,2020-10-02,18506148.37649825
btc,2020-10-03,18507092.12649825
btc,2020-10-04,18508079.62649825
btc,2020-10-05,18508954.62649825
btc,2020-10-06,18509767.12649825
btc,2020-10-07,18510710.87649825
btc,2020-10-08,18511723.37649825
btc,2020-10-09,18512609.88549825
btc,2020-10-10,18513503.11999825
btc,2020-10-11,18514375.70034825
btc,2020-10-12,18515305.2681668
btc,2020-10-13,18516342.24390416
btc,2020-10-14,18517273.47788756
btc,2020-10-15,18518217.22786026
btc,2020-10-16,18519185.97786026
btc,2020-10-17,18520167.22786026
btc,2020-10-18,18520917.22786026
btc,2020-10-19,18521698.47786026
btc,2020-10-20,18522598.47786026
btc,2020-10-21,18523410.97786026
btc,2020-10-22,18524267.22786026
btc,2020-10-23,18525083.98986026
btc,2020-10-24,18526033.98986026
btc,2020-10-25,18526765.23986026
btc,2020-10-26,18527452.73986026
btc,2020-10-27,18528071.48986026
btc,2020-10-28,18528696.48986026
btc,2020-10-29,18529371.48986026
btc,2020-10-30,18530065.23986026
btc,2020-10-31,18530771.4793548
btc,2020-11-01,18531552.69451533
btc,2020-11-02,18532146.44451533
btc,2020-11-03,18533021.44450987
btc,2020-11-04,18534015.19447165
btc,2020-11-05,18534933.94446619
btc,2020-11-06,18535890.19446619
btc,2020-11-07,18536802.69446619
btc,2020-11-08,18537665.19446619
btc,2020-11-09,18538821.44446619
btc,2020-11-10,18539740.19446619
btc,2020-11-11,18540658.94446619
btc,2020-11-12,18541658.94446073
btc,2020-11-13,18542527.69444435
btc,2020-11-14,18543415.19444435
btc,2020-11-15,18544352.69444435
btc,2020-11-16,18545352.69444435
btc,2020-11-17,18546333.94441705
btc,2020-11-18,18547390.19441705
btc,2020-11-19,18548246.44441705
btc,2020-11-20,18549296.44441705
btc,2020-11-21,18550352.69441705
btc,2020-11-22,18551440.19441705
btc,2020-11-23,18552358.94441705
btc,2020-11-24,18553208.94441159
btc,2020-11-25,18554177.69432969
btc,2020-11-26,18555115.19365265
btc,2020-11-27,18556077.69336873
btc,2020-11-28,18557040.19336873
btc,2020-11-29,18557977.69336327
btc,2020-11-30,18558683.94336327
btc,2020-12-01,18559633.94335235
btc,2020-12-02,18560452.69335235
btc,2020-12-03,18561433.94332505
btc,2020-12-04,18562333.94329229
btc,2020-12-05,18563233.94323769
btc,2020-12-06,18564083.94323769
btc,2020-12-07,18565021.44323769
btc,2020-12-08,18565921.44319947
btc,2020-12-09,18566790.19319947
btc,2020-12-10,18567602.69303395
btc,2020-12-11,18568465.19291929
btc,2020-12-12,18569290.19269543
btc,2020-12-13,18570265.19261899
btc,2020-12-14,18571171.44259715
btc,2020-12-15,18572046.44259715
btc,2020-12-16,18572940.19259715
btc,2020-12-17,18573746.44259715
btc,2020-12-18,18574727.69259715
btc,2020-12-19,18575715.19255893
btc,2020-12-20,18576658.94252071
btc,2020-12-21,18577508.94250433
btc,2020-12-22,18578402.69249341
btc,2020-12-23,18579365.19248795
btc,2020-12-24,18580152.69248795
btc,2020-12-25,18581052.69248795
btc,2020-12-26,18581908.94247703
btc,2020-12-27,18582833.94247703
btc,2020-12-28,18583833.94247703
btc,2020-12-29,18584783.94247703
btc,2020-12-30,18585858.94247703
btc,2020-12-31,18586896.44247703
btc,2021-01-01,18587827.69247703
btc,2021-01-02,18588771.44247703
btc,2021-01-03,18589758.94247703
btc,2021-01-04,18590840.19247703
btc,2021-01-05,18591821.44241151
btc,2021-01-06,18592927.69241151
btc,2021-01-07,18593977.69238421
btc,2021-01-08,18594902.69238421
btc,2021-01-09,18595771.44238421
btc,2021-01-10,18596765.19238421
btc,2021-01-11,18597727.69238421
btc,2021-01-12,18598652.69235145
btc,2021-01-13,18599602.69235145
btc,2021-01-14,18600521.44232415
btc,2021-01-15,18601490.19232415
btc,2021-01-16,18602408.94228047
btc,2021-01-17,18603240.19158081
btc,2021-01-18,18604146.44158081
btc,2021-01-19,18605077.69158081
btc,2021-01-20,18605958.94155351
btc,2021-01-21,18606765.19154805
btc,2021-01-22,18607646.44154805
btc,2021-01-23,18608621.44154805
btc,2021-01-24,18609490.19154805
btc,2021-01-25,18610365.19154805
btc,2021-01-26,18611371.44153713
btc,2021-01-27,18612258.94153713
btc,2021-01-28,18613165.19153713
btc,2021-01-29,18614115.19153712
btc,2021-01-30,18614965.19153712
btc,2021-01-31,18615865.19153712
btc,2021-02-01,18616608.94150982
btc,2021-02-02,18617565.19150436
btc,2021-02-03,18618502.69150435
btc,2021-02-04,18619502.69150435
btc,2021-02-05,18620558.89630735
btc,2021-02-06,18621552.52046635
btc,2021-02-07,18622527.52046635
btc,2021-02-08,18623540.02046635
btc,2021-02-09,18624433.77046635
btc,2021-02-10,18625327.52046635
btc,2021-02-11,18626133.77046635
btc,2021-02-12,18627021.25844379
btc,2021-02-13,18627999.91744133
btc,2021-02-14,18628921.36853781
btc,2021-02-15,18629869.49477421
btc,2021-02-16,18630624.85277421
btc,2021-02-17,18631485.96697421
btc,2021-02-18,18632339.87172421
btc,2021-02-19,18633296.08170618
btc,2021-02-20,18634208.55512618
btc,2021-02-21,18635089.27512617
btc,2021-02-22,18635920.52512617
btc,2021-02-23,18636714.27512617
btc,2021-02-24,18637707.40012617
btc,2021-02-25,18638682.40012617
btc,2021-02-26,18639551.13009887
btc,2021-02-27,18640532.38009887
btc,2021-02-28,18641351.13009877
btc,2021-03-01,18642163.63009877
btc,2021-03-02,18643057.38009877
btc,2021-03-03,18644007.38009877
btc,2021-03-04,18644807.38007147
btc,2021-03-05,18645738.63007147
btc,2021-03-06,18646688.63007147
btc,2021-03-07,18647601.13007147
btc,2021-03-08,18648569.88007147
btc,2021-03-09,18649444.88006601
btc,2021-03-10,18650376.13006601
btc,2021-03-11,18651201.13006601
btc,2021-03-12,18652138.63006601
btc,2021-03-13,18653032.38006601
btc,2021-03-14,18654013.630066
btc,2021-03-15,18654938.630066
btc,2021-03-16,18655869.88006054
btc,2021-03-17,18656719.88006054
btc,2021-03-18,18657669.88006054
btc,2021-03-19,18658594.88006054
btc,2021-03-20,18659557.38006054
btc,2021-03-21,18660532.38005508
btc,2021-03-22,18661476.13005508
btc,2021-03-23,18662482.38005508
btc,2021-03-24,18663432.38005508
btc,2021-03-25,18664394.88004862
btc,2021-03-26,18665244.88004862
btc,2021-03-27,18666238.63004862
btc,2021-03-28,18667232.38004862
btc,2021-03-29,18668176.13004862
btc,2021-03-30,18669088.63004316
btc,2021-03-31,18670069.87932678
btc,2021-04-01,18670976.12932678
btc,2021-04-02,18671851.12932678
btc,2021-04-03,18672669.87932678
btc,2021-04-04,18673582.37932678
btc,2021-04-05,18674557.37932678
btc,2021-04-06,18675457.37932678
btc,2021-04-07,18676438.62932678
btc,2021-04-08,18677276.12932678
btc,2021-04-09,18678226.12932678
btc,2021-04-10,18679207.37932132
btc,2021-04-11,18680113.62932132
btc,2021-04-12,18681013.55832031
btc,2021-04-13,18681901.00252031
btc,2021-04-14,18682744.71851931
btc,2021-04-15,18683819.50551931
btc,2021-04-16,18684463.25551931
btc,2021-04-17,18685032.00551931
btc,2021-04-18,18685807.00551931
btc,2021-04-19,18686413.25551931
btc,2021-04-20,18687213.25551931
btc,2021-04-21,18687844.50551931
btc,2021-04-22,18688738.25551931
btc,2021-04-23,18689582.00551385
btc,2021-04-24,18690487.98110839
btc,2021-04-25,18691369.23110839
btc,2021-04-26,18692081.63110839
btc,2021-04-27,18692969.13110839
btc,2021-04-28,18693856.63110839
btc,2021-04-29,18694619.13110839
btc,2021-04-30,18695525.38110838
btc,2021-05-01,18696394.13110838
btc,2021-05-02,18697550.38110838
btc,2021-05-03,18698656.54793575
btc,2021-05-04,18699787.79793575
btc,2021-05-05,18700769.04793575
btc,2021-05-06,18701831.54793575
btc,2021-05-07,18702906.54793575
btc,2021-05-08,18703975.29793575
btc,2021-05-09,18705137.79793575
btc,2021-05-10,18706262.79793575
btc,2021-05-11,18707337.79793575
btc,2021-05-12,18708412.79793575
btc,2021-05-13,18709419.04793575
btc,2021-05-14,18710256.54793575
btc,2021-05-15,18711025.29793575
btc,2021-05-16,18711850.29793575
btc,2021-05-17,18712606.54793575
btc,2021-05-18,18713231.54793575
btc,2021-05-19,18714012.79793575
btc,2021-05-20,18714712.79793575
btc,2021-05-21,18715400.29793575
btc,2021-05-22,18716125.29793575
btc,2021-05-23,18716869.04793575
btc,2021-05-24,18717656.29293575
btc,2021-05-25,18718425.04293575
btc,2021-05-26,18719187.54293575
btc,2021-05-27,18719918.79293575
btc,2021-05-28,18720662.54293575
btc,2021-05-29,18721387.54293575
btc,2021-05-30,18722287.54293575
btc,2021-05-31,18723168.79293575
btc,2021-06-01,18724056.29293575
btc,2021-06-02,18725093.79293575
btc,2021-06-03,18726012.54293575
btc,2021-06-04,18726831.29293575
btc,2021-06-05,18727650.0429314
btc,2021-06-06,18728587.5429314
btc,2021-06-07,18729418.7929314
btc,2021-06-08,18730350.0429314
btc,2021-06-09,18731137.5429314
btc,2021-06-10,18731875.0429314
btc,2021-06-11,18732531.2929314
btc,2021-06-12,18733356.2929314
btc,2021-06-13,18734181.2929314
btc,2021-06-14,18735025.0429314
btc,2021-06-15,18735843.7929314
btc,2021-06-16,18736612.5429314
btc,2021-06-17,18737425.0429314
btc,2021-06-18,18738200.0429314
btc,2021-06-19,18738843.7929314
btc,2021-06-20,18739500.0429314
btc,2021-06-21,18740156.2929314
btc,2021-06-22,18740725.0429314
btc,2021-06-23,18741356.2929314
btc,2021-06-24,18742012.5429314
btc,2021-06-25,18742700.0429314
btc,2021-06-26,18743256.2929314
btc,2021-06-27,18743618.7929314
btc,2021-06-28,18744168.7929314
btc,2021-06-29,18744731.2929314
btc,2021-06-30,18745281.2929314
btc,2021-07-01,18745881.2929314
btc,2021-07-02,18746443.7929314
btc,2021-07-03,18747237.5429314
btc,2021-07-04,18747956.2929314
btc,2021-07-05,18748781.2929314
btc,2021-07-06,18749668.7929314
btc,2021-07-07,18750437.5429314
btc,2021-07-08,18751306.2929314
btc,2021-07-09,18752125.0429314
btc,2021-07-10,18753131.2929314
btc,2021-07-11,18753912.5429314
btc,2021-07-12,18754700.04292919
btc,2021-07-13,18755550.04292919
btc,2021-07-14,18756612.54292919
btc,2021-07-15,18757412.54292917
btc,2021-07-16,18758350.04292917
btc,2021-07-17,18759243.79292917
btc,2021-07-18,18760143.79292917
btc,2021-07-19,18761206.29292917
btc,2021-07-20,18761968.79292917
btc,2021-07-21,18762875.04292917
btc,2021-07-22,18763831.29292371
btc,2021-07-23,18764675.04290733
btc,2021-07-24,18765637.54290733
btc,2021-07-25,18766593.79290733
btc,2021-07-26,18767531.29289095
btc,2021-07-27,18768593.79284727
btc,2021-07-28,18769575.04284727
btc,2021-07-29,18770575.04284181
btc,2021-07-30,18771612.54282543
btc,2021-07-31,18772600.04282543
btc,2021-08-01,18773562.54282542
btc,2021-08-02,18774456.29282542
btc,2021-08-03,18775512.5428145
btc,2021-08-04,18776362.5428145
btc,2021-08-05,18777362.54279812
btc,2021-08-06,18778356.29279812
btc,2021-08-07,18779400.04279812
btc,2021-08-08,18780387.54279812
btc,2021-08-09,18781337.54278174
btc,2021-08-10,18782368.79278174
btc,2021-08-11,18783287.54277628
btc,2021-08-12,18784231.29277628
btc,2021-08-13,18785118.79277628
btc,2021-08-14,18786143.79277628
btc,2021-08-15,18787281.29277628
btc,2021-08-16,18788287.54277082
btc,2021-08-17,18789362.54277082
btc,2021-08-18,18790206.29276536
btc,2021-08-19,18791168.79275444
btc,2021-08-20,18792168.79275444
btc,2021-08-21,18793231.29275444
btc,2021-08-22,18794256.29275444
btc,2021-08-23,18795487.54263694
btc,2021-08-24,18796450.04263148
btc,2021-08-25,18797450.04262602
btc,2021-08-26,18798362.54260418
btc,2021-08-27,18799275.04259326
btc,2021-08-28,18800156.29259326
btc,2021-08-29,18801131.29259326
btc,2021-08-30,18801975.04259326
btc,2021-08-31,18802875.04259326
btc,2021-09-01,18803731.2925878
btc,2021-09-02,18804662.5425878
btc,2021-09-03,18805587.54258234
btc,2021-09-04,18806556.29258234
btc,2021-09-05,18807581.29258234
btc,2021-09-06,18808656.29258234
btc,2021-09-07,18809612.54258234
btc,2021-09-08,18810500.04258234
btc,2021-09-09,18811356.29258234
btc,2021-09-10,18812206.29258234
btc,2021-09-11,18813131.29249204
btc,2021-09-12,18814050.04249204
btc,2021-09-13,18815043.79249204
btc,2021-09-14,18816093.79248658
btc,2021-09-15,18816981.29248658
btc,2021-09-16,18817831.29248658
btc,2021-09-17,18818750.04248658
btc,2021-09-18,18819718.79248658
btc,2021-09-19,18820718.79248658
btc,2021-09-20,18821743.79247566
btc,2021-09-21,18822512.54247566
btc,2021-09-22,18823350.04247566
btc,2021-09-23,18824381.29247566
btc,2021-09-24,18825306.29247566
btc,2021-09-25,18826206.29247566
btc,2021-09-26,18827075.04247566
btc,2021-09-27,18828043.79247566
btc,2021-09-28,18828993.79247546
btc,2021-09-29,18829806.29247546
btc,2021-09-30,18830875.04247
btc,2021-10-01,18831750.04246454
btc,2021-10-02,18832925.04246454
btc,2021-10-03,18833862.54246454
btc,2021-10-04,18834837.54246454
btc,2021-10-05,18835862.54246454
btc,2021-10-06,18836681.29246454
btc,2021-10-07,18837562.54246454
btc,2021-10-08,18838312.54245908
btc,2021-10-09,18839250.04245908
btc,2021-10-10,18840243.79245908
btc,2021-10-11,18841156.29245908
btc,2021-10-12,18841993.79244924
btc,2021-10-13,18843050.04244924
btc,2021-10-14,18843906.29244378
btc,2021-10-15,18844787.54244378
btc,2021-10-16,18845618.79244378
btc,2021-10-17,18846618.79244378
btc,2021-10-18,18847543.79243407
btc,2021-10-19,18848512.54243407
btc,2021-10-20,18849443.79242861
btc,2021-10-21,18850368.79242861
btc,2021-10-22,18851356.29242861
btc,2021-10-23,18852262.54242861
btc,2021-10-24,18853218.79242861
btc,2021-10-25,18854356.29242861
btc,2021-10-26,18855293.79242861
btc,2021-10-27,18856275.04242861
btc,2021-10-28,18857231.29242861
btc,2021-10-29,18858300.04242861
btc,2021-10-30,18859268.79242861
btc,2021-10-31,18860137.54242861
btc,2021-11-01,18861062.54242861
btc,2021-11-02,18862050.04242861
btc,2021-11-03,18863056.29242861
btc,2021-11-04,18863950.04240677
btc,2021-11-05,18864918.79240131
btc,2021-11-06,18865881.29239585
btc,2021-11-07,18866837.54238493
btc,2021-11-08,18867681.29235763
btc,2021-11-09,18868631.29235763
btc,2021-11-10,18869562.54235217
btc,2021-11-11,18870550.04234217
btc,2021-11-12,18871437.54234217
btc,2021-11-13,18872393.79234217
btc,2021-11-14,18873375.04232217
btc,2021-11-15,18874318.79229487
btc,2021-11-16,18875256.29229487
btc,2021-11-17,18876187.54229487
btc,2021-11-18,18877087.54229487
btc,2021-11-19,18877943.79229487
btc,2021-11-20,18878850.04229487
btc,2021-11-21,18879675.04229487
btc,2021-11-22,18880556.29229487
btc,2021-11-23,18881381.29229487
btc,2021-11-24,18882362.54229487
btc,2021-11-25,18883175.04229487
btc,2021-11-26,18884000.04229487
btc,2021-11-27,18884893.79229487
btc,2021-11-28,18885762.54229487
btc,2021-11-29,18886656.29228941
btc,2021-11-30,18887493.79228941
btc,2021-12-01,18888350.04228941
btc,2021-12-02,18889318.79228941
btc,2021-12-03,18890368.79228941
btc,2021-12-04,18891337.54228941
btc,2021-12-05,18892375.04228941
btc,2021-12-06,18893450.04228941
btc,2021-12-07,18894412.54228395
btc,2021-12-08,18895462.54168395
btc,2021-12-09,18896481.29158394
btc,2021-12-10,18897456.29157302
btc,2021-12-11,18898400.04157302
btc,2021-12-12,18899275.04157302
btc,2021-12-13,18900156.29156756
btc,2021-12-14,18901081.29156756
btc,2021-12-15,18901962.54156756
btc,2021-12-16,18902681.29156756
btc,2021-12-17,18903612.54156756
btc,2021-12-18,18904412.54156756
btc,2021-12-19,18905343.7915621
btc,2021-12-20,18906243.79155118
btc,2021-12-21,18907250.04155118
btc,2021-12-22,18908175.0415348
btc,2021-12-23,18909125.04151842
btc,2021-12-24,18910068.79150204
btc,2021-12-25,18910987.54150204
btc,2021-12-26,18911825.04150204
btc,2021-12-27,18912750.04150204
btc,2021-12-28,18913587.54146382
btc,2021-12-29,18914493.79143106
btc,2021-12-30,18915237.54143106
btc,2021-12-31,18916168.79143106
btc,2022-01-01,18917243.79143106
btc,2022-01-02,18918231.29143106
btc,2022-01-03,18919106.29142014
btc,2022-01-04,18920025.04140376
btc,2022-01-05,18920962.541371
btc,2022-01-06,18921875.04133824
btc,2022-01-07,18922750.0413164
btc,2022-01-08,18923650.0413164
btc,2022-01-09,18924531.2913164
btc,2022-01-10,18925418.79130548
btc,2022-01-11,18926406.29127818
btc,2022-01-12,18927275.04123996
btc,2022-01-13,18928393.79122904
btc,2022-01-14,18929387.5412072
btc,2022-01-15,18930425.0412072
btc,2022-01-16,18931518.79120174
btc,2022-01-17,18932525.04117444
btc,2022-01-18,18933375.04116898
btc,2022-01-19,18934456.29114714
btc,2022-01-20,18935512.54111984
btc,2022-01-21,18936350.04108254
btc,2022-01-22,18937187.54107708
btc,2022-01-23,18938068.79106616
btc,2022-01-24,18939006.29103886
btc,2022-01-25,18939956.29101156
btc,2022-01-26,18940768.79099518
btc,2022-01-27,18941587.54096788
btc,2022-01-28,18942550.04093512
btc,2022-01-29,18943481.29091874
btc,2022-01-30,18944393.79091328
btc,2022-01-31,18945287.54090782
btc,2022-02-01,18946250.04088598
btc,2022-02-02,18947206.29086414
btc,2022-02-03,18948125.04082046
btc,2022-02-04,18948937.54080408
btc,2022-02-05,18949681.29079862
btc,2022-02-06,18950656.29079862
btc,2022-02-07,18951506.2907877
btc,2022-02-08,18952468.79077678
btc,2022-02-09,18953343.79075494
btc,2022-02-10,18954262.54074948
btc,2022-02-11,18955150.0407331
btc,2022-02-12,18956315.09959684
btc,2022-02-13,18957302.59959684
btc,2022-02-14,18958258.84958046
btc,2022-02-15,18959352.59955316
btc,2022-02-16,18960327.59953132
btc,2022-02-17,18961308.84950948
btc,2022-02-18,18962142.18177205
btc,2022-02-19,18963073.43176113
btc,2022-02-20,18963973.43176113
btc,2022-02-21,18964742.18175567
btc,2022-02-22,18965692.18172837
btc,2022-02-23,18966629.68169015
btc,2022-02-24,18967454.68166434
btc,2022-02-25,18968292.18162065
btc,2022-02-26,18969073.43159881
btc,2022-02-27,18969923.43158243
btc,2022-02-28,18970885.93155513
btc,2022-03-01,18971898.43154967
btc,2022-03-02,18972748.43151145
btc,2022-03-03,18973673.43147869
btc,2022-03-04,18974542.18146231
btc,2022-03-05,18975310.93144047
btc,2022-03-06,18976129.68142409
btc,2022-03-07,18977054.68140771
btc,2022-03-08,18977979.68139133
btc,2022-03-09,18978842.18134765
btc,2022-03-10,18979748.43133127
btc,2022-03-11,18980610.93132035
btc,2022-03-12,18981585.93129851
btc,2022-03-13,18982529.68129305
btc,2022-03-14,18983485.93127667
btc,2022-03-15,18984354.68125483
btc,2022-03-16,18985323.43121391
btc,2022-03-17,18986317.18120845
btc,2022-03-18,18987210.93119753
btc,2022-03-19,18988179.68118661
btc,2022-03-20,18989142.18118661
btc,2022-03-21,18990098.43116477
btc,2022-03-22,18991029.68112655
btc,2022-03-23,18991935.93106649
btc,2022-03-24,18992829.68105557
btc,2022-03-25,18993804.68105011
btc,2022-03-26,18994810.93105011
btc,2022-03-27,18995629.68104465
btc,2022-03-28,18996623.43103373
btc,2022-03-29,18997567.18101735
btc,2022-03-30,18998410.93100097
btc,2022-03-31,18999273.43099005
btc,2022-04-01,19000154.68097367
btc,2022-04-02,19000998.43097367
btc,2022-04-03,19001867.18095729
btc,2022-04-04,19002854.68088631
btc,2022-04-05,19003760.93088631
btc,2022-04-06,19004698.43078085
btc,2022-04-07,19005560.93075355
btc,2022-04-08,19006398.43074263
btc,2022-04-09,19007354.68074263
btc,2022-04-10,19008229.68073171
btc,2022-04-11,19009085.93072625
btc,2022-04-12,19010042.18071533
btc,2022-04-13,19010917.18070441
btc,2022-04-14,19011779.68070441
btc,2022-04-15,19012767.18067165
btc,2022-04-16,19013604.68066619
btc,2022-04-17,19014635.93066619
btc,2022-04-18,19015473.43066073
btc,2022-04-19,19016248.43063343
btc,2022-04-20,19017248.43062251
btc,2022-04-21,19018304.68059521
btc,2022-04-22,19019148.43058975
btc,2022-04-23,19020167.18058975
btc,2022-04-24,19021235.92958975
btc,2022-04-25,19022248.42957337
btc,2022-04-26,19023123.42956245
btc,2022-04-27,19024185.92955153
btc,2022-04-28,19025010.92955153
btc,2022-04-29,19025948.42954607
btc,2022-04-30,19026885.92952423
btc,2022-05-01,19027929.67951289
btc,2022-05-02,19028929.67950743
btc,2022-05-03,19029867.17949105
btc,2022-05-04,19030779.67948559
btc,2022-05-05,19031760.92948013
btc,2022-05-06,19032648.42946921
btc,2022-05-07,19033542.17945829
btc,2022-05-08,19034510.92945283
btc,2022-05-09,19035479.67945283
btc,2022-05-10,19036435.92943099
btc,2022-05-11,19037342.17943099
btc,2022-05-12,19038185.92943099
btc,2022-05-13,19039135.92941461
btc,2022-05-14,19040017.17940369
btc,2022-05-15,19040779.67939823
btc,2022-05-16,19041804.67935455
btc,2022-05-17,19042723.42932179
btc,2022-05-18,19043560.92928903
btc,2022-05-19,19044323.42926719
btc,2022-05-20,19045123.42923443
btc,2022-05-21,19045967.17922897
btc,2022-05-22,19046729.67921805
btc,2022-05-23,19047729.67920167
btc,2022-05-24,19048479.67917437
btc,2022-05-25,19049379.67914707
btc,2022-05-26,19050260.92914707
btc,2022-05-27,19051123.42914161
btc,2022-05-28,19052048.42914161
btc,2022-05-29,19052979.67913615
btc,2022-05-30,19053942.17911617
btc,2022-05-31,19054854.67909193
btc,2022-06-01,19055704.67905797
btc,2022-06-02,19056485.92904159
btc,2022-06-03,19057379.67903067
btc,2022-06-04,19058248.42902401
btc,2022-06-05,19059160.92902401
btc,2022-06-06,19060098.42900763
btc,2022-06-07,19061110.92891928
btc,2022-06-08,19062223.4289029
btc,2022-06-09,19063135.92889198
btc,2022-06-10,19064054.67888106
btc,2022-06-11,19065017.17888106
btc,2022-06-12,19065810.92886106
btc,2022-06-13,19066642.17881922
btc,2022-06-14,19067554.67879738
btc,2022-06-15,19068585.92876462
btc,2022-06-16,19069329.67873186
btc,2022-06-17,19070004.67871548
btc,2022-06-18,19070979.67871548
btc,2022-06-19,19071810.92868548
btc,2022-06-20,19072635.9286691
btc,2022-06-21,19073573.42863818
btc,2022-06-22,19074379.6785718
btc,2022-06-23,19075329.67854996
btc,2022-06-24,19076135.9285445
btc,2022-06-25,19077079.6784845
btc,2022-06-26,19077942.1784845
btc,2022-06-27,19078792.17847358
btc,2022-06-28,19079704.6784572
btc,2022-06-29,19080648.42829544
btc,2022-06-30,19081717.17826714
btc,2022-07-01,19082554.67825076
btc,2022-07-02,19083417.1782453
btc,2022-07-03,19084385.92823984
btc,2022-07-04,19085279.67821254
btc,2022-07-05,19086017.1781634
btc,2022-07-06,19086810.92815248
btc,2022-07-07,19087792.17814156
btc,2022-07-08,19088717.17811416
btc,2022-07-09,19089554.67810324
btc,2022-07-10,19090510.92809232
btc,2022-07-11,19091279.67807048
btc,2022-07-12,19092223.42804318
btc,2022-07-13,19092910.92798858
btc,2022-07-14,19093685.92797766
btc,2022-07-15,19094573.42795582
btc,2022-07-16,19095498.42795582
btc,2022-07-17,19096273.42793944
btc,2022-07-18,19097092.17790122
btc,2022-07-19,19097954.677863
btc,2022-07-20,19098742.17784116
btc,2022-07-21,19099610.9278084
btc,2022-07-22,19100435.9278084
btc,2022-07-23,19101398.4278084
btc,2022-07-24,19102379.6778084
btc,2022-07-25,19103267.17776472
btc,2022-07-26,19104267.17773742
btc,2022-07-27,19105298.42765552
btc,2022-07-28,19106179.67761184
btc,2022-07-29,19107092.1775627
btc,2022-07-30,19107898.42752448
btc,2022-07-31,19108848.42748626
btc,2022-08-01,19109698.42744804
btc,2022-08-02,19110667.17738252
btc,2022-08-03,19111573.4273443
btc,2022-08-04,19112398.42727878
btc,2022-08-05,19113335.92721326
btc,2022-08-06,19114342.17717504
btc,2022-08-07,19115335.92710952
btc,2022-08-08,19116235.92703308
btc,2022-08-09,19117129.6769621
btc,2022-08-10,19118054.6768802
btc,2022-08-11,19118929.6767983
btc,2022-08-12,19119892.17675461
btc,2022-08-13,19120760.92613532
btc,2022-08-14,19121592.1760971
btc,2022-08-15,19122498.42602066
btc,2022-08-16,19123423.4259606
btc,2022-08-17,19124229.67589508
btc,2022-08-18,19125129.67281305
btc,2022-08-19,19126242.17273661
btc,2022-08-20,19127173.42265471
btc,2022-08-21,19128085.92259465
btc,2022-08-22,19128992.17250729
btc,2022-08-23,19130067.17246907
btc,2022-08-24,19130979.67239263
btc,2022-08-25,19131973.42231073
btc,2022-08-26,19133073.42226705
btc,2022-08-27,19133979.67221791
btc,2022-08-28,19134985.92216423
btc,2022-08-29,19135967.17209417
btc,2022-08-30,19136979.67202319
btc,2022-08-31,19137892.17192491
btc,2022-09-01,19138754.67183744
btc,2022-09-02,19139560.92166686
btc,2022-09-03,19140479.6715677
btc,2022-09-04,19141529.67149126
btc,2022-09-05,19142485.92139844
btc,2022-09-06,19143373.42131108
btc,2022-09-07,19144285.92120723
btc,2022-09-08,19145079.67110895
btc,2022-09-09,19145998.42104343
btc,2022-09-10,19146979.67098883
btc,2022-09-11,19148123.42095061
btc,2022-09-12,19149079.67086225
btc,2022-09-13,19149935.92080219
btc,2022-09-14,19150729.67072575
btc,2022-09-15,19151648.42066023
btc,2022-09-16,19152448.42060563
btc,2022-09-17,19153510.92054557
btc,2022-09-18,19154473.42049643
btc,2022-09-19,19155285.92039269
btc,2022-09-20,19156235.92029441
btc,2022-09-21,19157117.17022889
btc,2022-09-22,19157917.17015245
btc,2022-09-23,19158760.92009239
btc,2022-09-24,19159673.42005963
btc,2022-09-25,19160592.17002687
btc,2022-09-26,19161529.66995043
btc,2022-09-27,19162335.91985761
btc,2022-09-28,19163273.41981939
btc,2022-09-29,19164167.16973749
btc,2022-09-30,19165223.41967197
btc,2022-10-01,19166354.66963921
btc,2022-10-02,19167335.91957081
btc,2022-10-03,19168298.4194235
btc,2022-10-04,19169317.16933614
btc,2022-10-05,19170410.91925424
btc,2022-10-06,19171404.6692051
btc,2022-10-07,19172473.41912866
btc,2022-10-08,19173567.16906542
btc,2022-10-09,19174554.6690272
btc,2022-10-10,19175604.66898898
btc,2022-10-11,19176585.91892892
btc,2022-10-12,19177442.16884156
btc,2022-10-13,19178335.91877058
btc,2022-10-14,19179310.91870506
btc,2022-10-15,19180260.91866684
btc,2022-10-16,19181160.91863408
btc,2022-10-17,19182098.41855218
btc,2022-10-18,19182985.91843752
btc,2022-10-19,19183929.668372
btc,2022-10-20,19184835.91832412
btc,2022-10-21,19185810.91824852
btc,2022-10-22,19186660.91818846
btc,2022-10-23,19187629.66814478
btc,2022-10-24,19188479.6680738
btc,2022-10-25,19189242.16801374
btc,2022-10-26,19190210.91793184
btc,2022-10-27,19191054.6678554
btc,2022-10-28,19192048.41781718
btc,2022-10-29,19192942.16777896
btc,2022-10-30,19193785.9177462
btc,2022-10-31,19194867.16770252
btc,2022-11-01,19195767.16765884
btc,2022-11-02,19196529.66759332
btc,2022-11-03,19197554.6675551
btc,2022-11-04,19198360.91751142
btc,2022-11-05,19199304.66746774
btc,2022-11-06,19200160.91743498
btc,2022-11-07,19201060.917364
btc,2022-11-08,19202079.66732578
btc,2022-11-09,19203010.9172821
btc,2022-11-10,19203929.66724934
btc,2022-11-11,19204767.1671729
btc,2022-11-12,19205810.91706008
btc,2022-11-13,19206617.1669891
btc,2022-11-14,19207385.91691782
btc,2022-11-15,19208354.66683046
btc,2022-11-16,19209292.16678132
btc,2022-11-17,19210154.6667431
btc,2022-11-18,19211023.4167158
btc,2022-11-19,19211942.16666119
btc,2022-11-20,19212873.41662843
btc,2022-11-21,19213679.66657383
btc,2022-11-22,19214467.16653015
btc,2022-11-23,19215348.41649193
btc,2022-11-24,19216154.66645361
btc,2022-11-25,19216923.41642085
btc,2022-11-26,19217604.66634441
btc,2022-11-27,19218454.66631165
btc,2022-11-28,19219323.41626251
btc,2022-11-29,19220142.16622429
btc,2022-11-30,19221004.66615331
btc,2022-12-01,19221960.91609325
btc,2022-12-02,19222742.16603319
btc,2022-12-03,19223560.91598951
btc,2022-12-04,19224435.91595128
btc,2022-12-05,19225348.4159076
btc,2022-12-06,19226192.16585846
btc,2022-12-07,19227267.1658257
btc,2022-12-08,19228310.9157711
btc,2022-12-09,19229260.91573834
btc,2022-12-10,19230223.4150067
btc,2022-12-11,19231142.12327845
btc,2022-12-12,19232035.83823839
btc,2022-12-13,19233067.05195517
btc,2022-12-14,19233992.02406511
btc,2022-12-15,19234860.74344143
btc,2022-12-16,19235673.20322591
btc,2022-12-17,19236535.66296085
btc,2022-12-18,19237441.87068242
btc,2022-12-19,19238291.82952578
btc,2022-12-20,19239166.79033799
btc,2022-12-21,19240060.49750977
btc,2022-12-22,19240904.20660089
btc,2022-12-23,19241729.1664071
btc,2022-12-24,19242285.39006796
btc,2022-12-25,19243166.62385341
btc,2022-12-26,19243972.84912565
btc,2022-12-27,19244691.56963517
btc,2022-12-28,19245741.52108695
btc,2022-12-29,19246622.72788417
btc,2022-12-30,19247610.18309141
btc,2022-12-31,19248585.14586753
btc,2023-01-01,19249553.85600931
btc,2023-01-02,19250528.80721017
btc,2023-01-03,19251491.26394741
btc,2023-01-04,19252384.97170235
btc,2023-01-05,19253366.18267459
btc,2023-01-06,19254491.14012137
btc,2023-01-07,19255453.59558269
btc,2023-01-08,19256409.82965493
btc,2023-01-09,19257359.79479625
btc,2023-01-10,19258416.00422303
btc,2023-01-11,19259334.72075027
btc,2023-01-12,19260278.43770103
btc,2023-01-13,19261272.15113735
btc,2023-01-14,19262340.86699913
btc,2023-01-15,19263359.58610591
btc,2023-01-16,19264278.30960177
btc,2023-01-17,19265253.28127717
btc,2023-01-18,19266128.25060941
btc,2023-01-19,19267034.46881981
btc,2023-01-20,19267859.43892205
btc,2023-01-21,19268721.90708291
btc,2023-01-22,19269665.64488826
btc,2023-01-23,19270653.10749456
btc,2023-01-24,19271459.3286451
btc,2023-01-25,19272553.04504998
btc,2023-01-26,19273521.76581441
btc,2023-01-27,19274484.23846005
btc,2023-01-28,19275534.20128317
btc,2023-01-29,19276540.41143432
btc,2023-01-30,19277402.87019857
btc,2023-01-31,19278121.59051949
btc,2023-02-01,19278977.80878799
btc,2023-02-02,19279884.02447344
btc,2023-02-03,19280715.24520696
btc,2023-02-04,19281565.21323545
btc,2023-02-05,19282515.19257359
btc,2023-02-06,19283440.16082709
btc,2023-02-07,19284327.62505593
btc,2023-02-08,19285190.09179011
btc,2023-02-09,19286202.54184259
btc,2023-02-10,19287121.25095429
btc,2023-02-11,19288046.21257187
btc,2023-02-12,19289058.67387569
btc,2023-02-13,19290033.6358573
btc,2023-02-14,19290996.09163937
btc,2023-02-15,19292014.79354679
btc,2023-02-16,19293133.49263214
btc,2023-02-17,19294164.69635749
btc,2023-02-18,19295214.52710183
btc,2023-02-19,19296227.01282949
btc,2023-02-20,19297145.7099958
btc,2023-02-21,19298189.39352537
btc,2023-02-22,19299064.31604459
btc,2023-02-23,19300132.95520284
btc,2023-02-24,19300976.6106817
btc,2023-02-25,19301645.29052475
btc,2023-02-26,19302695.20087476
btc,2023-02-27,19303570.11962878
btc,2023-02-28,19304426.2895077
btc,2023-03-01,19305488.68136532
btc,2023-03-02,19306388.58083239
btc,2023-03-03,19307438.46114988
btc,2023-03-04,19308388.36119328
btc,2023-03-05,19309357.06303656
btc,2023-03-06,19310181.97860168
btc,2023-03-07,19311213.09324048
btc,2023-03-08,19312044.23126562
btc,2023-03-09,19312887.88651131
btc,2023-03-10,19313737.80210951
btc,2023-03-11,19314768.93361194
btc,2023-03-12,19315775.07145146
btc,2023-03-13,19316756.21059554
btc,2023-03-14,19317668.61691925
btc,2023-03-15,19318587.27431244
btc,2023-03-16,19319424.68510582
btc,2023-03-17,19320343.33921469
btc,2023-03-18,19321355.72015879
btc,2023-03-19,19322280.70872038
btc,2023-03-20,19323243.20868762
btc,2023-03-21,19324149.4586494
btc,2023-03-22,19325143.20861664
btc,2023-03-23,19326286.95858388
btc,2023-03-24,19327299.45855112
btc,2023-03-25,19328205.7085129
btc,2023-03-26,19329105.70847468
btc,2023-03-27,19330030.70842007
btc,2023-03-28,19330868.20838185
btc,2023-03-29,19331786.95834363
btc,2023-03-30,19332755.70826653
btc,2023-03-31,19333636.95822831
btc,2023-04-01,19334511.95818462
btc,2023-04-02,19335443.2081464
btc,2023-04-03,19336261.95810817
btc,2023-04-04,19337274.45807541
btc,2023-04-05,19338143.20803173
btc,2023-04-06,19339143.20799351
btc,2023-04-07,19340030.70795529
btc,2023-04-08,19340949.45791706
btc,2023-04-09,19341861.9578843
btc,2023-04-10,19342630.70784062
btc,2023-04-11,19343593.2078024
btc,2023-04-12,19344593.20776964
btc,2023-04-13,19345480.70772596
btc,2023-04-14,19346355.70768228
btc,2023-04-15,19347343.20763314
btc,2023-04-16,19348118.20760038
btc,2023-04-17,19349086.95755124
btc,2023-04-18,19350124.45750755
btc,2023-04-19,19350993.20745841
btc,2023-04-20,19351824.45742565
btc,2023-04-21,19352730.70737651
btc,2023-04-22,19353661.95734374
btc,2023-04-23,19354580.70731098
btc,2023-04-24,19355461.95725092
btc,2023-04-25,19356243.20719632
btc,2023-04-26,19357055.7071581
btc,2023-04-27,19357868.20711442
btc,2023-04-28,19358786.95705436
btc,2023-04-29,19359643.20691614
btc,2023-04-30,19360568.20688327
btc,2023-05-01,19361705.70684505
btc,2023-05-02,19362511.95681229
btc,2023-05-03,19363393.20677407
btc,2023-05-04,19364305.70675768
btc,2023-05-05,19365049.45674676
btc,2023-05-06,19365980.70670801
btc,2023-05-07,19366849.45670255
btc,2023-05-08,19367705.70670255
btc,2023-05-09,19368649.45669163
btc,2023-05-10,19369711.95669163
btc,2023-05-11,19370655.70667524
btc,2023-05-12,19371536.95667524
btc,2023-05-13,19372443.20666432
btc,2023-05-14,19373530.70666432
btc,2023-05-15,19374449.45665886
btc,2023-05-16,19375405.7066534
btc,2023-05-17,19376405.70663702
btc,2023-05-18,19377286.95661518
btc,2023-05-19,19378224.45660426
btc,2023-05-20,19379043.20660416
btc,2023-05-21,19379986.95659869
btc,2023-05-22,19380886.95659869
btc,2023-05-23,19381849.45658765
btc,2023-05-24,19382730.70658765
btc,2023-05-25,19383674.45658218
btc,2023-05-26,19384630.70658218
btc,2023-05-27,19385536.95657672
btc,2023-05-28,19386536.95657672
btc,2023-05-29,19387549.45657042
btc,2023-05-30,19388511.95657042
btc,2023-05-31,19389393.20656496
btc,2023-06-01,19390218.2065595
btc,2023-06-02,19391243.2045595
btc,2023-06-03,19392055.70354857
btc,2023-06-04,19392980.70254856
btc,2023-06-05,19393843.2015431
btc,2023-06-06,19394786.95153218
btc,2023-06-07,19395630.69877126
btc,2023-06-08,19396593.19290972
btc,2023-06-09,19397649.4407988
btc,2023-06-10,19398611.9397788
btc,2023-06-11,19399630.68877334
btc,2023-06-12,19400611.92776242
btc,2023-06-13,19401530.67774604
btc,2023-06-14,19402286.92574603
btc,2023-06-15,19403211.92474055
btc,2023-06-16,19404168.17368485
btc,2023-06-17,19405043.17167839
btc,2023-06-18,19405986.91167839
btc,2023-06-19,19406874.40967293
btc,2023-06-20,19407724.40761833
btc,2023-06-21,19408480.6357296
btc,2023-06-22,19409336.8825696
btc,2023-06-23,19410118.13156414
btc,2023-06-24,19411030.62956414
btc,2023-06-25,19411986.87851847
btc,2023-06-26,19412899.37651846
btc,2023-06-27,19413774.37449651
btc,2023-06-28,19414449.3734965
btc,2023-06-29,19415361.87248547
btc,2023-06-30,19416349.37046277
btc,2023-07-01,19417180.61931102
btc,2023-07-02,19418249.36931102
btc,2023-07-03,19419105.61930554
btc,2023-07-04,19419986.86828916
btc,2023-07-05,19420961.8682837
btc,2023-07-06,19421830.61628349
btc,2023-07-07,19422924.35627257
btc,2023-07-08,19424036.8562671
btc,2023-07-09,19425093.10626164
btc,2023-07-10,19426055.60526164
btc,2023-07-11,19426899.35424526
btc,2023-07-12,19427799.35423434
btc,2023-07-13,19428549.35322888
btc,2023-07-14,19429411.85122857
btc,2023-07-15,19430274.34822311
btc,2023-07-16,19431243.09722311
btc,2023-07-17,19432093.09621765
btc,2023-07-18,19433105.59521218
btc,2023-07-19,19434030.59320671
btc,2023-07-20,19434830.58946748
btc,2023-07-21,19435530.58843908
btc,2023-07-22,19436368.08843907
btc,2023-07-23,19437286.83643361
btc,2023-07-24,19438224.3354336
btc,2023-07-25,19439086.83342257
btc,2023-07-26,19439986.83241699
btc,2023-07-27,19440849.33140607
btc,2023-07-28,19441724.32938379
btc,2023-07-29,19442549.32837833
btc,2023-07-30,19443599.32737833
btc,2023-07-31,19444480.57635069
btc,2023-08-01,19445349.32633966
btc,2023-08-02,19446311.82533966
btc,2023-08-03,19447255.57532874
btc,2023-08-04,19448011.82532874
btc,2023-08-05,19448974.32532326
btc,2023-08-06,19449999.32532326
btc,2023-08-07,19450911.82455677
btc,2023-08-08,19451693.07455677
btc,2023-08-09,19452705.57455131
btc,2023-08-10,19453499.32252903
btc,2023-08-11,19454443.07252357
btc,2023-08-12,19455486.82252357
btc,2023-08-13,19456330.57251811
btc,2023-08-14,19457399.32251254
btc,2023-08-15,19458468.07050708
btc,2023-08-16,19459486.82040961
btc,2023-08-17,19460461.82038766
btc,2023-08-18,19461330.56938765
btc,2023-08-19,19462205.56938219
btc,2023-08-20,19463218.06937219
btc,2023-08-21,19464249.31936116
btc,2023-08-22,19465143.06934478
btc,2023-08-23,19466030.56933932
btc,2023-08-24,19466899.31933932
btc,2023-08-25,19467743.06930749
btc,2023-08-26,19468599.31930649
btc,2023-08-27,19469324.31930082
btc,2023-08-28,19470061.81930082
btc,2023-08-29,19471049.31929536
btc,2023-08-30,19471836.81929535
btc,2023-08-31,19472736.81827897
btc,2023-09-01,19473680.56824577
btc,2023-09-02,19474630.56824577
btc,2023-09-03,19475618.06824031
btc,2023-09-04,19476549.31824031
btc,2023-09-05,19477324.31822939
btc,2023-09-06,19478168.06822939
btc,2023-09-07,19479080.56822393
btc,2023-09-08,19479911.81721846
btc,2023-09-09,19480855.567213
btc,2023-09-10,19481774.317213
btc,2023-09-11,19482768.06720754
btc,2023-09-12,19483649.3171964
btc,2023-09-13,19484568.04739079
btc,2023-09-14,19485580.54739079
btc,2023-09-15,19486755.54738533
btc,2023-09-16,19487724.29738533
btc,2023-09-17,19488655.54737986
btc,2023-09-18,19489630.54736894
btc,2023-09-19,19490499.29524153
btc,2023-09-20,19491411.79524153
btc,2023-09-21,19492274.29518607
btc,2023-09-22,19493080.54518061
btc,2023-09-23,19494055.54517515
btc,2023-09-24,19494968.03517515
btc,2023-09-25,19495874.28505082
btc,2023-09-26,19496724.28504082
btc,2023-09-27,19497705.53503481
btc,2023-09-28,19498618.03503481
btc,2023-09-29,19499536.78501742
btc,2023-09-30,19500399.28501742
btc,2023-10-01,19501280.53500196
btc,2023-10-02,19502261.78500196
btc,2023-10-03,19503286.78494104
btc,2023-10-04,19504105.53494104
btc,2023-10-05,19504986.78492465
btc,2023-10-06,19505986.78492465
btc,2023-10-07,19507055.53391919
btc,2023-10-08,19507980.53391919
btc,2023-10-09,19508955.53381373
btc,2023-10-10,19509968.03381373
btc,2023-10-11,19510968.03380827
btc,2023-10-12,19511999.28353827
btc,2023-10-13,19512861.78352188
btc,2023-10-14,19513774.28252188
btc,2023-10-15,19514818.03251642
btc,2023-10-16,19515699.28251642
btc,2023-10-17,19516711.7825055
btc,2023-10-18,19517618.0324782
btc,2023-10-19,19518493.03246182
btc,2023-10-20,19519330.53243997
btc,2023-10-21,19520268.03243451
btc,2023-10-22,19521224.28243451
btc,2023-10-23,19522205.53242902
btc,2023-10-24,19522993.03242901
btc,2023-10-25,19523893.03242355
btc,2023-10-26,19524830.53240151
btc,2023-10-27,19525793.03239602
btc,2023-10-28,19526793.03239598
btc,2023-10-29,19527649.2823905
btc,2023-10-30,19528624.28239007
btc,2023-10-31,19529593.03238398
btc,2023-11-01,19530524.28237621
btc,2023-11-02,19531424.28232469
btc,2023-11-03,19532274.28231819
btc,2023-11-04,19533324.28231745
btc,2023-11-05,19534343.03231134
btc,2023-11-06,19535136.78229968
btc,2023-11-07,19535968.03228795
btc,2023-11-08,19536899.28228701
btc,2023-11-09,19537793.03227018
btc,2023-11-10,19538755.53226972
btc,2023-11-11,19539755.53225825
btc,2023-11-12,19540761.78225779
btc,2023-11-13,19541518.03225147
btc,2023-11-14,19542380.53225089
btc,2023-11-15,19543305.53223946
btc,2023-11-16,19544230.53223902
btc,2023-11-17,19545168.03222224
btc,2023-11-18,19546099.28222189
btc,2023-11-19,19547161.7822161
btc,2023-11-20,19548199.28221029
btc,2023-11-21,19549149.28218361
btc,2023-11-22,19550036.78218325
btc,2023-11-23,19550955.53217752
btc,2023-11-24,19552005.5321772
btc,2023-11-25,19552999.28217154
btc,2023-11-26,19553911.7821613
btc,2023-11-27,19554724.28215563
btc,2023-11-28,19555643.03215545
btc,2023-11-29,19556493.03214977
btc,2023-11-30,19557330.53214963
btc,2023-12-01,19558386.78214399
btc,2023-12-02,19559180.53214366
btc,2023-12-03,19560211.7821325
btc,2023-12-04,19561180.53213206
btc,2023-12-05,19562043.03212622
btc,2023-12-06,19562893.03212585
btc,2023-12-07,19563611.78212008
btc,2023-12-08,19564455.53211968
btc,2023-12-09,19565436.78211944
btc,2023-12-10,19566311.7821184
btc,2023-12-11,19567299.2821182
btc,2023-12-12,19568199.28211442
btc,2023-12-13,19569130.53211368
btc,2023-12-14,19570043.03211355
btc,2023-12-15,19571061.78211341
btc,2023-12-16,19572011.78211322
btc,2023-12-17,19572949.28211309
btc,2023-12-18,19573999.28211291
btc,2023-12-19,19575011.78205268
btc,2023-12-20,19575918.03205239
btc,2023-12-21,19576830.53205018
btc,2023-12-22,19577880.53204999
btc,2023-12-23,19578880.53204988
btc,2023-12-24,19579949.28204977
btc,2023-12-25,19580818.03204967
btc,2023-12-26,19581686.78204955
btc,2023-12-27,19582493.03204946
btc,2023-12-28,19583249.28204935
btc,2023-12-29,19584192.99589623
btc,2023-12-30,19585099.24589619
btc,2023-12-31,19586074.24589616
btc,2024-01-01,19587042.99589609
btc,2024-01-02,19587861.74589597
btc,2024-01-03,19588849.24589465
btc,2024-01-04,19589911.74589451
btc,2024-01-05,19590774.24589445
btc,2024-01-06,19591649.24589436
btc,2024-01-07,19592386.74589408
btc,2024-01-08,19593155.49589401
btc,2024-01-09,19594105.49589394
btc,2024-01-10,19594936.7458919
btc,2024-01-11,19596017.99589184
btc,2024-01-12,19597067.99588868
btc,2024-01-13,19598061.74588858
btc,2024-01-14,19598861.74588853
btc,2024-01-15,19599574.24588579
btc,2024-01-16,19600355.49588569
btc,2024-01-17,19601111.74588458
btc,2024-01-18,19601999.24588451
btc,2024-01-19,19602824.24588441
btc,2024-01-20,19603717.99588432
btc,2024-01-21,19604592.99588423
btc,2024-01-22,19605592.99588416
btc,2024-01-23,19606555.49587864
btc,2024-01-24,19607492.99587857
btc,2024-01-25,19608624.244873
btc,2024-01-26,19609574.24487293
btc,2024-01-27,19610642.9948698
btc,2024-01-28,19611642.99486977
btc,2024-01-29,19612617.99486426
btc,2024-01-30,19613517.99476277
btc,2024-01-31,19614336.7445918
btc,2024-02-01,19615292.99455433
btc,2024-02-02,19616467.99455428
btc,2024-02-03,19617411.74454332
btc,2024-02-04,19618380.49453234
btc,2024-02-05,19619355.4945323
btc,2024-02-06,19620417.99453229
btc,2024-02-07,19621417.99453227
btc,2024-02-08,19622280.49453222
btc,2024-02-09,19623317.99453217
btc,2024-02-10,19624267.99453216
btc,2024-02-11,19625124.24452782
btc,2024-02-12,19626242.99451125
btc,2024-02-13,19627086.74447811
btc,2024-02-14,19627955.49447146
btc,2024-02-15,19628936.74445056
btc,2024-02-16,19629774.24444057
btc,2024-02-17,19630711.74443719
btc,2024-02-18,19631467.99443716
btc,2024-02-19,19632317.99442621
btc,2024-02-20,19633199.24442615
btc,2024-02-21,19634061.7444261
btc,2024-02-22,19634905.49442602
btc,2024-02-23,19635899.24440955
btc,2024-02-24,19636755.4944095
btc,2024-02-25,19637780.49437124
btc,2024-02-26,19638611.74437117
btc,2024-02-27,19639417.99437111
btc,2024-02-28,19640349.24436558
btc,2024-02-29,19641180.49434917
btc,2024-03-01,19642142.99432728
btc,2024-03-02,19642936.74432721
btc,2024-03-03,19643905.49431723
btc,2024-03-04,19644711.74430514
btc,2024-03-05,19645755.494305
btc,2024-03-06,19646630.49430491
btc,2024-03-07,19647755.49427749
btc,2024-03-08,19648717.99427193
btc,2024-03-09,19649736.74426524
btc,2024-03-10,19650630.49424315
btc,2024-03-11,19651692.99423977
btc,2024-03-12,19652574.24421644
btc,2024-03-13,19653574.24420429
btc,2024-03-14,19654455.49419763
btc,2024-03-15,19655249.24419096
btc,2024-03-16,19656149.24418545
btc,2024-03-17,19657061.74418201
btc,2024-03-18,19657961.74415137
btc,2024-03-19,19658942.99414585
btc,2024-03-20,19659874.24412035
btc,2024-03-21,19660624.24410392
btc,2024-03-22,19661467.993082
btc,2024-03-23,19662442.99308194
btc,2024-03-24,19663505.49308191
btc,2024-03-25,19664330.49307314
btc,2024-03-26,19665167.9930425
btc,2024-03-27,19666017.9930282
btc,2024-03-28,19666967.99301939
btc,2024-03-29,19667867.99301605
btc,2024-03-30,19668836.74301601
btc,2024-03-31,19669692.99300506
btc,2024-04-01,19670630.49299956
btc,2024-04-02,19671555.49299954
btc,2024-04-03,19672442.99299949
btc,2024-04-04,19673305.49297218
btc,2024-04-05,19674230.49293393
btc,2024-04-06,19675199.24290541
btc,2024-04-07,19676261.74288233
btc,2024-04-08,19677249.24284075
btc,2024-04-09,19678161.74280136
btc,2024-04-10,19679105.49278382
btc,2024-04-11,19679930.49278382
btc,2024-04-12,19680780.49277836
btc,2024-04-13,19681805.49276744
btc,2024-04-14,19682786.74276744
btc,2024-04-15,19683667.99275647
btc,2024-04-16,19684699.24275641
btc,2024-04-17,19685555.4927367
btc,2024-04-18,19686461.74273122
btc,2024-04-19,19687392.99271483
btc,2024-04-20,19687799.24271483
btc,2024-04-21,19688236.74271483
btc,2024-04-22,19688711.74270937
btc,2024-04-23,19689236.74270937
btc,2024-04-24,19689721.11769845
btc,2024-04-25,19690167.99269845
btc,2024-04-26,19690583.61769845
btc,2024-04-27,19691021.11769845
btc,2024-04-28,19691458.61769844
btc,2024-04-29,19691867.99269843
btc,2024-04-30,19692308.61769843
btc,2024-05-01,19692721.11769297
btc,2024-05-02,19693174.24267659
btc,2024-05-03,19693577.36767659
btc,2024-05-04,19694017.99266567
btc,2024-05-05,19694452.36766567
btc,2024-05-06,19694833.61766567
btc,2024-05-07,19695214.86765475
btc,2024-05-08,19695611.74265472
btc,2024-05-09,19696064.8676547
btc,2024-05-10,19696517.99264919
btc,2024-05-11,19697014.86764918
btc,2024-05-12,19697427.36764917
btc,2024-05-13,19697886.7426437
btc,2024-05-14,19698311.74263277
btc,2024-05-15,19698752.36763277
btc,2024-05-16,19699196.11762728
btc,2024-05-17,19699680.49262727
btc,2024-05-18,19700080.49262727
btc,2024-05-19,19700561.74262181
btc,2024-05-20,19701049.24261848
btc,2024-05-21,19701480.49261845
btc,2024-05-22,19701958.61760751
btc,2024-05-23,19702486.74257751
btc,2024-05-24,19702986.74256659
btc,2024-05-25,19703486.74255113
btc,2024-05-26,19704011.74255105
btc,2024-05-27,19704396.11754556
btc,2024-05-28,19704814.86754006
btc,2024-05-29,19705242.99254002
btc,2024-05-30,19705627.36754001
btc,2024-05-31,19706089.86751266
btc,2024-06-01,19706530.49250719
btc,2024-06-02,19706967.99250718
btc,2024-06-03,19707458.61712567
btc,2024-06-04,19707877.36709835
btc,2024-06-05,19708261.74209288
btc,2024-06-06,19708677.36709285
btc,2024-06-07,19709121.11707542
btc,2024-06-08,19709658.61707541
btc,2024-06-09,19710136.74207538
btc,2024-06-10,19710571.11703716
btc,2024-06-11,19710955.49203714
btc,2024-06-12,19711411.74203711
btc,2024-06-13,19711864.86702071
btc,2024-06-14,19712264.8670207
btc,2024-06-15,19712683.6170207
btc,2024-06-16,19713192.99199885
btc,2024-06-17,19713630.49199884
btc,2024-06-18,19714105.49199881
btc,2024-06-19,19714533.61697697
btc,2024-06-20,19714949.24197697
btc,2024-06-21,19715386.74197697
btc,2024-06-22,19715861.74197151
btc,2024-06-23,19716211.74197148
btc,2024-06-24,19716686.74197148
btc,2024-06-25,19717074.24196055
btc,2024-06-26,19717452.36696053
btc,2024-06-27,19717858.61696053
btc,2024-06-28,19718280.49194415
btc,2024-06-29,19718771.11694415
btc,2024-06-30,19719149.24194414
btc,2024-07-01,19719589.86693321
btc,2024-07-02,19720052.36693319
btc,2024-07-03,19720505.49192773
btc,2024-07-04,19720942.99191134
btc,2024-07-05,19721321.11691133
btc,2024-07-06,19721836.74191132
btc,2024-07-07,19722277.36689043
btc,2024-07-08,19722774.2418795
btc,2024-07-09,19723255.49186956
btc,2024-07-10,19723680.49186079
btc,2024-07-11,19724117.99185086
btc,2024-07-12,19724586.74173565
btc,2024-07-13,19725067.99172466
btc,2024-07-14,19725589.86670117
btc,2024-07-15,19726067.99166178
btc,2024-07-16,19726527.36664754
btc,2024-07-17,19727024.24161113
btc,2024-07-18,19727427.36657918
btc,2024-07-19,19727886.7415737
btc,2024-07-20,19728402.36657367
btc,2024-07-21,19728930.49154719
btc,2024-07-22,19729489.86647783
btc,2024-07-23,19730017.9914679
btc,2024-07-24,19730455.49142156
btc,2024-07-25,19730964.8664161
btc,2024-07-26,19731464.8664161
btc,2024-07-27,19731946.11639955
btc,2024-07-28,19732408.61638863
btc,2024-07-29,19732964.866382
btc,2024-07-30,19733433.61637869
btc,2024-07-31,19733874.24136445
btc,2024-08-01,19734311.74135899
btc,2024-08-02,19734702.36635898
btc,2024-08-03,19735124.24134891
btc,2024-08-04,19735571.11634013
btc,2024-08-05,19736058.61633134
btc,2024-08-06,19736496.11628981
btc,2024-08-07,19736877.36627343
btc,2024-08-08,19737280.49125374
btc,2024-08-09,19737686.74125373
btc,2024-08-10,19738089.86623947
btc,2024-08-11,19738592.99123943
btc,2024-08-12,19739021.11623942
btc,2024-08-13,19739486.74122304
btc,2024-08-14,19739899.24122303
btc,2024-08-15,19740399.241223
btc,2024-08-16,19740842.99121208
btc,2024-08-17,19741308.61621206
btc,2024-08-18,19741796.11621206
btc,2024-08-19,19742202.36620113
btc,2024-08-20,19742671.11620112
btc,2024-08-21,19743130.49120111
btc,2024-08-22,19743630.49119564
btc,2024-08-23,19744142.99119548
btc,2024-08-24,19744621.11619545
btc,2024-08-25,19745036.74118453
btc,2024-08-26,19745455.49118453
btc,2024-08-27,19745899.24113451
btc,2024-08-28,19746402.36612904
btc,2024-08-29,19746814.86612355
btc,2024-08-30,19747258.61610169
btc,2024-08-31,19747717.99109622
btc,2024-09-01,19748161.74109074
btc,2024-09-02,19748683.61607434
btc,2024-09-03,19749149.24106341
btc,2024-09-04,19749621.11604703
btc,2024-09-05,19750105.49104703
btc,2024-09-06,19750558.61604639
btc,2024-09-07,19751052.36604087
btc,2024-09-08,19751574.24104087
btc,2024-09-09,19752027.36603539
btc,2024-09-10,19752455.49102993
btc,2024-09-11,19752792.99102992
btc,2024-09-12,19753267.99102987
btc,2024-09-13,19753652.36601894
btc,2024-09-14,19754086.74101892
btc,2024-09-15,19754558.61601892
btc,2024-09-16,19754949.24101345
btc,2024-09-17,19755417.99101343
btc,2024-09-18,19755849.24099158
btc,2024-09-19,19756230.49095334
btc,2024-09-20,19756683.61595331
btc,2024-09-21,19757105.4909533
btc,2024-09-22,19757530.4909533
btc,2024-09-23,19757986.740926
btc,2024-09-24,19758439.86592598
btc,2024-09-25,19758889.86592598
btc,2024-09-26,19759296.11591505
btc,2024-09-27,19759724.24090959
btc,2024-09-28,19760127.36590413
btc,2024-09-29,19760611.74090413
btc,2024-09-30,19761039.8659041
btc,2024-10-01,19761530.49089476
btc,2024-10-02,19762014.86483653
btc,2024-10-03,19762508.61481409
btc,2024-10-04,19763036.73978672
btc,2024-10-05,19763508.61478671
btc,2024-10-06,19763983.61478667
btc,2024-10-07,19764467.9897812
btc,2024-10-08,19764989.86473206
btc,2024-10-09,19765386.73972658
btc,2024-10-10,19765871.11472103
btc,2024-10-11,19766308.61470463
btc,2024-10-12,19766755.48970459
btc,2024-10-13,19767186.7396991
btc,2024-10-14,19767621.11469362
btc,2024-10-15,19768108.61468267
btc,2024-10-16,19768549.23967718
btc,2024-10-17,19769039.8646717
btc,2024-10-18,19769464.86466077
btc,2024-10-19,19770005.48965524
btc,2024-10-20,19770546.1146388
btc,2024-10-21,19771080.48953557
btc,2024-10-22,19771511.73952461
btc,2024-10-23,19771983.61450366
btc,2024-10-24,19772442.98945587
btc,2024-10-25,19772921.11445039
btc,2024-10-26,19773377.36445039
btc,2024-10-27,19773880.48945036
btc,2024-10-28,19774405.4894449
btc,2024-10-29,19774896.11444483
btc,2024-10-30,19775424.23943382
btc,2024-10-31,19775917.98941723
btc,2024-11-01,19776396.11441125
btc,2024-11-02,19776836.73940964
btc,2024-11-03,19777249.23940946
btc,2024-11-04,19777721.11439293
btc,2024-11-05,19778155.48938731
btc,2024-11-06,19778633.61438602
btc,2024-11-07,19779121.11438028
btc,2024-11-08,19779564.86435818
btc,2024-11-09,19779999.23935142
btc,2024-11-10,19780461.73934022
btc,2024-11-11,19780886.73931287
btc,2024-11-12,19781342.98929098
btc,2024-11-13,19781774.2392854
btc,2024-11-14,19782171.11427343
btc,2024-11-15,19782639.86418062
btc,2024-11-16,19783130.48914509
btc,2024-11-17,19783599.2391384
btc,2024-11-18,19784086.73913822
btc,2024-11-19,19784633.61411426
btc,2024-11-20,19785092.98823511
btc,2024-11-21,19785542.9868657
btc,2024-11-22,19785989.86100384
btc,2024-11-23,19786421.11082408
btc,2024-11-24,19786839.86060396
btc,2024-11-25,19787367.98557194
btc,2024-11-26,19787802.3603786
btc,2024-11-27,19788217.98530596
btc,2024-11-28,19788661.73523034
btc,2024-11-29,19789039.85990686
btc,2024-11-30,19789552.34398553
btc,2024-12-01,19790046.07813313
btc,2024-12-02,19790442.94740718
btc,2024-12-03,19790933.51298461
btc,2024-12-04,19791392.8080724
btc,2024-12-05,19791877.12482239
btc,2024-12-06,19792302.10743335
btc,2024-12-07,19792745.81862795
btc,2024-12-08,19793202.04336046
btc,2024-12-09,19793723.89738428
btc,2024-12-10,19794205.12409209
btc,2024-12-11,19794648.84459111
btc,2024-12-12,19795111.21182003
btc,2024-12-13,19795642.41641123
btc,2024-12-14,19796139.18299872
btc,2024-12-15,19796567.29775711
btc,2024-12-16,19797029.76713727
btc,2024-12-17,19797454.74843723
btc,2024-12-18,19797904.73223539
btc,2024-12-19,19798357.83271974
btc,2024-12-20,19798829.70078425
btc,2024-12-21,19799282.82203878
btc,2024-12-22,19799767.19451128
btc,2024-12-23,19800201.56258799
btc,2024-12-24,19800614.0601588
btc,2024-12-25,19801085.92806539
btc,2024-12-26,19801495.29761646
btc,2024-12-27,19801989.04041662
btc,2024-12-28,19802435.90899522
btc,2024-12-29,19802929.65099519
btc,2024-12-30,19803426.51700902
btc,2024-12-31,19803829.6240934
btc,2025-01-01,19804267.11404725
btc,2025-01-02,19804788.97841898
btc,2025-01-03,19805232.70427525
btc,2025-01-04,19805698.31429955
btc,2025-01-05,19806185.7957105
btc,2025-01-06,19806601.40750046
btc,2025-01-07,19807020.1377164
btc,2025-01-08,19807410.75363998
btc,2025-01-09,19807885.73248988
btc,2025-01-10,19808329.46759886
btc,2025-01-11,19808760.71631881
btc,2025-01-12,19809298.20835871
btc,2025-01-13,19809698.20317314
btc,2025-01-14,19810179.44583192
btc,2025-01-15,19810613.81645165
btc,2025-01-16,19811013.81097578
btc,2025-01-17,19811482.55425549
btc,2025-01-18,19811888.80029538
btc,2025-01-19,19812357.54644438
btc,2025-01-20,19812832.54293092
btc,2025-01-21,19813248.1656208
btc,2025-01-22,19813716.91363797
btc,2025-01-23,19814141.90542135
btc,2025-01-24,19814579.38727566
btc,2025-01-25,19814979.38377799
btc,2025-01-26,19815407.50747697
btc,2025-01-27,19815895.00560923
btc,2025-01-28,19816357.50459816
btc,2025-01-29,19816841.87530066
btc,2025-01-30,19817294.99742512
btc,2025-01-31,19817685.61779669
btc,2025-02-01,19818260.61111899
btc,2025-02-02,19818794.97909532
btc,2025-02-03,19819273.09623779
btc,2025-02-04,19819682.46882179
btc,2025-02-05,19820132.46375376
btc,2025-02-06,19820585.58427882
btc,2025-02-07,19821126.2000898
btc,2025-02-08,19821626.19378163
btc,2025-02-09,19822073.06223539
btc,2025-02-10,19822507.43074098
btc,2025-02-11,19822894.92809454
btc,2025-02-12,19823310.54614802
btc,2025-02-13,19823804.28829496
btc,2025-02-14,19824279.2809251
btc,2025-02-15,19824779.27431535
btc,2025-02-16,19825251.14105045
btc,2025-02-17,19825679.26066042
btc,2025-02-18,19826116.7472204
btc,2025-02-19,19826510.48629836
btc,2025-02-20,19826916.72818671
btc,2025-02-21,19827319.84583575
btc,2025-02-22,19827754.2113292
btc,2025-02-23,19828157.32517917
btc,2025-02-24,19828563.56379784
btc,2025-02-25,19829022.93427864
btc,2025-02-26,19829513.54557975
btc,2025-02-27,19829982.28192984
btc,2025-02-28,19830469.77944628
btc,2025-03-01,19830919.77817533
btc,2025-03-02,19831313.52299381
btc,2025-03-03,19831782.26242224
btc,2025-03-04,19832238.51079673
btc,2025-03-05,19832657.25345893
btc,2025-03-06,19833188.49809435
btc,2025-03-07,19833632.23824098
btc,2025-03-08,19834060.3616429
btc,2025-03-09,19834557.23055726
btc,2025-03-10,19835038.47608533
btc,2025-03-11,19835469.72605551
btc,2025-03-12,19835947.84578215
btc,2025-03-13,19836444.71864683
btc,2025-03-14,19836888.46507507
btc,2025-03-15,19837300.96369563
btc,2025-03-16,19837754.08766151
btc,2025-03-17,19838191.58565153
btc,2025-03-18,19838635.33370501
btc,2025-03-19,19839110.3317466
btc,2025-03-20,19839554.07872113
btc,2025-03-21,19840007.20270222
btc,2025-03-22,19840475.94273762
btc,2025-03-23,19840963.43976163
btc,2025-03-24,19841444.68753153
btc,2025-03-25,19841910.31104373
btc,2025-03-26,19842385.30950609
btc,2025-03-27,19842847.80873067
btc,2025-03-28,19843329.05742965
btc,2025-03-29,19843769.68171961
btc,2025-03-30,19844197.80611996
btc,2025-03-31,19844660.30453595
btc,2025-04-01,19845082.17772405
btc,2025-04-02,19845619.67412857
btc,2025-04-03,19846094.66498855
btc,2025-04-04,19846657.16238412
btc,2025-04-05,19847169.65940218
btc,2025-04-06,19847622.78330522
btc,2025-04-07,19848075.9075672
btc,2025-04-08,19848554.03181368
btc,2025-04-09,19848963.40626122
btc,2025-04-10,19849413.40516973
btc,2025-04-11,19849875.90300781
btc,2025-04-12,19850325.90175683
btc,2025-04-13,19850863.39879054
btc,2025-04-14,19851329.02176633
btc,2025-04-15,19851779.01835727
btc,2025-04-16,19852241.51758029
btc,2025-04-17,19852719.64043287
btc,2025-04-18,19853144.64028952
btc,2025-04-19,19853579.01218784
btc,2025-04-20,19853963.38402997
btc,2025-04-21,19854357.13198692
btc,2025-04-22,19854841.50212034
btc,2025-04-23,19855197.75012697
btc,2025-04-24,19855638.37310508
btc,2025-04-25,19856088.37048136
btc,2025-04-26,19856503.99538397
btc,2025-04-27,19856925.86845264
btc,2025-04-28,19857366.4933841
btc,2025-04-29,19857822.7422359
btc,2025-04-30,19858235.24088683
btc,2025-05-01,19858657.11484803
btc,2025-05-02,19859153.98960692
btc,2025-05-03,19859666.48887791
btc,2025-05-04,19860100.86307036
btc,2025-05-05,19860647.73754278
btc,2025-05-06,19861078.98632881
btc,2025-05-07,19861550.86025732
btc,2025-05-08,19862047.7320949
btc,2025-05-09,19862485.22816211
btc,2025-05-10,19862953.9781219
btc,2025-05-11,19863419.60241787
btc,2025-05-12,19863872.72726223
btc,2025-05-13,19864278.97693762
btc,2025-05-14,19864728.9766771
btc,2025-05-15,19865185.22654822
btc,2025-05-16,19865610.22528842
btc,2025-05-17,19866057.09968716
btc,2025-05-18,19866563.3485357
btc,2025-05-19,19867003.97333178
btc,2025-05-20,19867466.47291531
btc,2025-05-21,19867916.47279327
btc,2025-05-22,19868385.22231008
btc,2025-05-23,19868869.59700965
btc,2025-05-24,19869310.22183811
btc,2025-05-25,19869782.09646027
btc,2025-05-26,19870260.22083733
btc,2025-05-27,19870700.84569245
btc,2025-05-28,19871213.34525168
btc,2025-05-29,19871710.21876614
btc,2025-05-30,19872194.59351097
btc,2025-05-31,19872697.71831411
btc,2025-06-01,19873113.34311615
btc,2025-06-02,19873528.96776052
btc,2025-06-03,19873978.96763072
btc,2025-06-04,19874372.71713886
btc,2025-06-05,19874791.46574495
btc,2025-06-06,19875210.21573494
btc,2025-06-07,19875657.09035296
btc,2025-06-08,19876135.21478822
btc,2025-06-09,19876572.71399197
btc,2025-06-10,19877100.8386734
btc,2025-06-11,19877541.4634359
btc,2025-06-12,19878003.96211326
btc,2025-06-13,19878457.08684579
btc,2025-06-14,19878928.96129285
btc,2025-06-15,19879353.96064281
btc,2025-06-16,19879810.20991244
btc,2025-06-17,19880178.95961965
btc,2025-06-18,19880616.45850964
btc,2025-06-19,19881013.33336677
btc,2025-06-20,19881485.20777738
btc,2025-06-21,19881925.8325973
btc,2025-06-22,19882260.2073716
btc,2025-06-23,19882594.58211129
btc,2025-06-24,19882960.20681027
btc,2025-06-25,19883407.08158785
btc,2025-06-26,19883897.70610327
btc,2025-06-27,19884257.08105605
btc,2025-06-28,19884710.20583045
btc,2025-06-29,19885238.33053762
btc,2025-06-30,19885691.45545754
btc,2025-07-01,19886110.20512658
btc,2025-07-02,19886588.32973747
btc,2025-07-03,19887060.20463724
btc,2025-07-04,19887557.07962176
btc,2025-07-05,19888047.70454165
btc,2025-07-06,19888547.70435433
btc,2025-07-07,19889019.57916882
btc,2025-07-08,19889463.3289624
btc,2025-07-09,19889975.8287024
btc,2025-07-10,19890510.20352689
btc,2025-07-11,19890978.9534219
btc,2025-07-12,19891444.57829192
btc,2025-07-13,19891872.70218098
btc,2025-07-14,19892325.82695938
btc,2025-07-15,19892838.32682504
btc,2025-07-16,19893247.70163102
btc,2025-07-17,19893672.70128858
btc,2025-07-18,19894122.70082487
btc,2025-07-19,19894566.45067739
btc,2025-07-20,19895032.07548858
btc,2025-07-21,19895500.82536427
btc,2025-07-22,19895969.57501957
btc,2025-07-23,19896407.07248054
btc,2025-07-24,19896866.44726607
btc,2025-07-25,19897366.4469454
btc,2025-07-26,19897844.57177667
btc,2025-07-27,19898272.69660724
btc,2025-07-28,19898725.82142083
btc,2025-07-29,19899075.82120082
btc,2025-07-30,19899503.94583748
btc,2025-07-31,19899985.19576901
btc,2025-08-01,19900457.07063855
btc,2025-08-02,19900910.19550347
btc,2025-08-03,19901394.57031818
btc,2025-08-04,19901928.94523624
btc,2025-08-05,19902360.19504508
btc,2025-08-06,19902810.19467278
btc,2025-08-07,19903313.31945593
btc,2025-08-08,19903741.44432498
btc,2025-08-09,19904103.94401947
btc,2025-08-10,19904525.81879206
btc,2025-08-11,19904985.19355745
btc,2025-08-12,19905413.31796475
btc,2025-08-13,19905900.81745489
btc,2025-08-14,19906407.067023
btc,2025-08-15,19906825.81640664
btc,2025-08-16,19907300.81600595
btc,2025-08-17,19907775.81541859
btc,2025-08-18,19908257.06522726
btc,2025-08-19,19908675.81464288
btc,2025-08-20,19909116.43922556
btc,2025-08-21,19909582.06361869
btc,2025-08-22,19910038.31327144
btc,2025-08-23,19910513.31266958
btc,2025-08-24,19911016.8124341
btc,2025-08-25,19911457.43728359
btc,2025-08-26,19911926.18644571
btc,2025-08-27,19912394.93570583
btc,2025-08-28,19912891.81040165
btc,2025-08-29,19913407.43506369
btc,2025-08-30,19913901.18485216
btc,2025-08-31,19914313.68392839
btc,2025-09-01,19914816.80858685
btc,2025-09-02,19915326.18210888
btc,2025-09-03,19915754.30613677
btc,2025-09-04,19916191.80554179
btc,2025-09-05,19916638.6799903
btc,2025-09-06,19917076.17954741
btc,2025-09-07,19917557.42915028
btc,2025-09-08,19918057.42893734
btc,2025-09-09,19918579.3031611
btc,2025-09-10,19919110.55137479
btc,2025-09-11,19919579.30121742
btc,2025-09-12,19919954.30107904
btc,2025-09-13,19920394.92564128
btc,2025-09-14,19920873.04963312
btc,2025-09-15,19921382.42404674
btc,2025-09-16,19921882.4236011
btc,2025-09-17,19922282.42355741
btc,2025-09-18,19922776.17312867
btc,2025-09-19,19923301.17200279
btc,2025-09-20,19923779.29684702
btc,2025-09-21,19924285.54658358
btc,2025-09-22,19924754.29597328
btc,2025-09-23,19925204.29540892
btc,2025-09-24,19925682.41991233
btc,2025-09-25,19926123.0442022
btc,2025-09-26,19926535.54393123
btc,2025-09-27,19927019.91856265
btc,2025-09-28,19927535.54322349
btc,2025-09-29,19927973.04269274
btc,2025-09-30,19928476.16734086
btc,2025-10-01,19928948.04210659
btc,2025-10-02,19929373.04168753
btc,2025-10-03,19929741.79167985
btc,2025-10-04,19930160.5415677
btc,2025-10-05,19930626.16644049
btc,2025-10-06,19931010.54125385
btc,2025-10-07,19931441.79109844
btc,2025-10-08,19931904.2908611
btc,2025-10-09,19932279.29077496
btc,2025-10-10,19932691.79049044
btc,2025-10-11,19933151.16535648
btc,2025-10-12,19933604.29034837
btc,2025-10-13,19934079.29024129
btc,2025-10-14,19934607.41507201
btc,2025-10-15,19935057.41501474
btc,2025-10-16,19935535.53996235
btc,2025-10-17,19936032.41491048
btc,2025-10-18,19936548.03977609
btc,2025-10-19,19936982.41471914
btc,2025-10-20,19937448.03964951
btc,2025-10-21,19937916.78957591
btc,2025-10-22,19938394.91454782
btc,2025-10-23,19938838.66452939
btc,2025-10-24,19939398.03947926
btc,2025-10-25,19939898.03943167
btc,2025-10-26,19940357.41441729
btc,2025-10-27,19940816.78928169
btc,2025-10-28,19941323.0392265
btc,2025-10-29,19941707.41421538
btc,2025-10-30,19942207.41410432
btc,2025-10-31,19942644.91409829
btc,2025-11-01,19943076.16409725
btc,2025-11-02,19943560.53907935
btc,2025-11-03,19944004.28904138
btc,2025-11-04,19944413.66403078
btc,2025-11-05,19944844.91391502
btc,2025-11-06,19945282.41386627
btc,2025-11-07,19945726.16384477
btc,2025-11-08,19946101.16382464
btc,2025-11-09,19946541.78875368
btc,2025-11-10,19946979.2887473
btc,2025-11-11,19947457.41372336
btc,2025-11-12,19947898.03856002
btc,2025-11-13,19948366.78854092
btc,2025-11-14,19948816.78847541
btc,2025-11-15,19949263.66339631
btc,2025-11-16,19949760.53816872
btc,2025-11-17,19950148.03807872
btc,2025-11-18,19950563.66261439
btc,2025-11-19,19950991.78748284
btc,2025-11-20,19951401.16243033
btc,2025-11-21,19951873.03735691
btc,2025-11-22,19952319.912294
btc,2025-11-23,19952763.66192388
btc,2025-11-24,19953210.53683846
btc,2025-11-25,19953569.91131734
btc,2025-11-26,19954082.41129558
btc,2025-11-27,19954529.28628108
btc,2025-11-28,19954998.03620112
btc,2025-11-29,19955426.16117954
btc,2025-11-30,19955948.03609673
btc,2025-12-01,19956363.66107464
btc,2025-12-02,19956760.53600458
btc,2025-12-03,19957173.03598707
btc,2025-12-04,19957585.53596111
btc,2025-12-05,19957957.4108358
btc,2025-12-06,19958466.7857961
btc,2025-12-07,19958966.78578562
btc,2025-12-08,19959429.28575096
btc,2025-12-09,19959832.41070624
btc,2025-12-10,19960316.78567065
btc,2025-12-11,19960816.78562884
btc,2025-12-12,19961269.91062201
btc,2025-12-13,19961716.78557605
btc,2025-12-14,19962116.78553285
btc,2025-12-15,19962535.53551883
btc,2025-12-16,19962994.91048135
btc,2025-12-17,19963426.16047563
btc,2025-12-18,19963876.16040556
btc,2025-12-19,19964329.28534992
btc,2025-12-20,19964788.66034185
btc,2025-12-21,19965219.91033828
btc,2025-12-22,19965654.28529741
btc,2025-12-23,19966107.41028888
btc,2025-12-24,19966604.28526302
btc,2025-12-25,19967035.53525139
btc,2025-12-26,19967523.03524805
btc,2025-12-27,19967948.03524033
btc,2025-12-28,19968432.41022443
btc,2025-12-29,19968913.66011527
btc,2025-12-30,19969285.53502561
btc,2025-12-31,19969701.1599654
btc,2026-01-01,19970173.03489761
btc,2026-01-02,19970623.03484367
btc,2026-01-03,19971107.40983355
btc,2026-01-04,19971560.53482149
btc,2026-01-05,19971973.03481877
btc,2026-01-06,19972379.28453587
btc,2026-01-07,19972838.65935909
btc,2026-01-08,19973251.15920587
btc,2026-01-09,19973694.90915693
btc,2026-01-10,19974201.15842725
btc,2026-01-11,19974582.40835316
btc,2026-01-12,19975026.15828822
btc,2026-01-13,19975448.03313325
btc,2026-01-14,19975835.5330804
btc,2026-01-15,19976269.90793874
btc,2026-01-16,19976676.15787012
btc,2026-01-17,19977141.78280853
btc,2026-01-18,19977579.28273045
btc,2026-01-19,19978048.03263225
btc,2026-01-20,19978463.65753988
btc,2026-01-21,19978891.78248334
btc,2026-01-22,19979394.90737819
btc,2026-01-23,19979832.40734676
btc,2026-01-24,19980138.6573255
btc,2026-01-25,19980476.15727396
btc,2026-01-26,19980863.65723296
btc,2026-01-27,19981244.90720207
btc,2026-01-28,19981588.65719592
btc,2026-01-29,19981988.65718699
btc,2026-01-30,19982398.03218206
btc,2026-01-31,19982829.28216426
btc,2026-02-01,19983201.15715195
btc,2026-02-02,19983569.90713928
btc,2026-02-03,19983982.40709518
btc,2026-02-04,19984426.1570621
btc,2026-02-05,19984823.0320605
btc,2026-02-06,19985276.15703973
btc,2026-02-07,19985794.90702132
btc,2026-02-08,19986326.15697003
btc,2026-02-09,19986835.53196145
btc,2026-02-10,19987285.53194323
btc,2026-02-11,19987776.15693549
btc,2026-02-12,19988329.28192297
btc,2026-02-13,19988801.15689779
btc,2026-02-14,19989319.90687007
btc,2026-02-15,19989935.53185801
btc,2026-02-16,19990482.40684522
btc,2026-02-17,19990998.03180826
btc,2026-02-18,19991476.15677497
btc,2026-02-19,19991973.03175161
btc,2026-02-20,19992401.15670826
btc,2026-02-21,19992773.03170125
btc,2026-02-22,19993285.53166242
btc,2026-02-23,19993748.03163321
btc,2026-02-24,19994263.65658282
btc,2026-02-25,19994751.15653541
btc,2026-02-26,19995188.65651923
btc,2026-02-27,19995629.28146219
btc,2026-02-28,19996076.15645449
btc,2026-03-01,19996541.78136143
btc,2026-03-02,19996966.78083916
btc,2026-03-03,19997385.53083797
btc,2026-03-04,19997791.78083047
btc,2026-03-05,19998310.530821
btc,2026-03-06,19998766.78080593
btc,2026-03-07,19999179.28076545
btc,2026-03-08,19999598.03076505
btc,2026-03-09,20000029.2807458
btc,2026-03-10,20000460.5307284
btc,2026-03-11,20000894.90572402
btc,2026-03-12,20001298.0306968
btc,2026-03-13,20001676.15569067
btc,2026-03-14,20002076.1556846
btc,2026-03-15,20002466.78068161
btc,2026-03-16,20002857.40566783
btc,2026-03-17,20003254.28066414
btc,2026-03-18,20003688.65566121
btc,2026-03-19,20004107.40558936
btc,2026-03-20,20004526.15545956
btc,2026-03-21,20004957.40545461
btc,2026-03-22,20005463.65542135
btc,2026-03-23,20005963.65541698
btc,2026-03-24,20006354.28035915
btc,2026-03-25,20006832.40533844
btc,2026-03-26,20007348.03032055
btc,2026-03-27,20007823.03030771
btc,2026-03-28,20008366.78029517
btc,2026-03-29,20008816.7802818
btc,2026-03-30,20009241.78028136
btc,2026-03-31,20009666.78024669
btc,2026-04-01,20010173.03024329
btc,2026-04-02,20010626.15523187
btc,2026-04-03,20011038.65521455
btc,2026-04-04,20011413.65521417
btc,2026-04-05,20011910.53021379
btc,2026-04-06,20012310.53020889
btc,2026-04-07,20012741.78019458
btc,2026-04-08,20013204.28014687
btc,2026-04-09,20013654.28012088
btc,2026-04-10,20014044.90508795
btc,2026-04-11,20014429.28008618
btc,2026-04-12,20014913.65498828
btc,2026-04-13,20015376.1549035
btc,2026-04-14,20015888.65486228
btc,2026-04-15,20016279.279847
btc,2026-04-16,20016754.27884235
btc,2026-04-17,20017194.90372694
btc,2026-04-18,20017673.0286331
btc,2026-04-19,20018166.77860258
btc,2026-04-20,20018573.02855363
btc,2026-04-21,20018994.90352539
btc,2026-04-22,20019404.27851069
btc,2026-04-23,20019782.40348588
btc,2026-04-24,20020248.02845462
btc,2026-04-25,20020685.52844961
btc,2026-04-26,20021151.15344954
btc,2026-04-27,20021582.40341843
btc,2026-04-28,20022016.77838466
btc,2026-04-29,20022413.65333073
btc,2026-04-30,20022851.15332902
btc,2026-05-01,20023344.90332184
btc,2026-05-02,20023769.90330144
btc,2026-05-03,20024244.90329587
btc,2026-05-04,20024710.52824333
btc,2026-05-05,20025179.27821603
btc,2026-05-06,20025619.90321582
btc,2026-05-07,20026063.65321411
btc,2026-05-08,20026523.02819749
btc,2026-05-09,20027057.40312911
btc,2026-05-10,20027526.1531051
btc,2026-05-11,20028041.77804923
btc,2026-05-12,20028460.52804619
btc,2026-05-13,20028894.90299488
btc,2026-05-14,20029366.7779783
btc,2026-05-15,20029819.90297231
btc,2026-05-16,20030291.77794765
btc,2026-05-17,20030729.27792107
btc,2026-05-18,20031166.77770786
btc,2026-05-19,20031610.52770125
btc,2026-05-20,20032085.52765776
btc,2026-05-21,20032482.40264502
btc,2026-05-22,20032969.90261312
btc,2026-05-23,20033482.40261292
btc,2026-05-24,20033891.77761272
btc,2026-05-25,20034407.40261258
btc,2026-05-26,20034841.77760875
btc,2026-05-27,20035279.2775421
btc,2026-05-28,20035785.52747168
btc,2026-05-29,20036223.0273888
btc,2026-05-30,20036666.77734781
btc,2026-05-31,20037116.7773178
btc,2026-06-01,20037538.65217847
btc,2026-06-02,20037882.40206787
btc,2026-06-03,20038219.90199146
btc,2026-06-04,20038663.65185009
btc,2026-06-05,20039085.52672356
btc,2026-06-06,20039466.77671468
btc,2026-06-07,20039832.40168165
btc,2026-06-08,20040229.27553298
btc,2026-06-09,20040616.7754601
btc,2026-06-10,20041010.51994462
btc,2026-06-11,20041432.39174345
btc,2026-06-12,20041891.76497128
btc,2026-06-13,20042279.26496518
btc,2026-06-14,20042735.51493958
btc,2026-06-15,20043204.26489031
btc,2026-06-16,20043710.51489026
btc,2026-06-17,20044123.0148902
btc,2026-06-18,20044638.63989016
btc,2026-06-19,20045110.51488848
btc,2026-06-20,20045594.88988525
btc,2026-06-21,20046013.63988521
btc,2026-06-22,20046501.13988518
btc,2026-06-23,20047041.7646701
btc,2026-06-24,20047526.13967006
btc,2026-06-25,20048057.38966005
btc,2026-06-26,20048541.76463909
btc,2026-06-27,20049066.76463361
btc,2026-06-28,20049469.88961839
btc,2026-06-29,20049860.51461828
btc,2026-06-30,20050326.13961277
btc,2026-07-01,20050773.01461212
btc,2026-07-02,20051182.3895992
btc,2026-07-03,20051654.26448121
btc,2026-07-04,20052135.51448118
btc,2026-07-05,20052535.51434563
btc,2026-07-06,20052898.01434561
btc,2026-07-07,20053335.51091219
btc,2026-07-08,20053751.13589914
btc,2026-07-09,20054141.76088755
btc,2026-07-10,20054548.01088748
btc,2026-07-11,20054982.38588737
btc,2026-07-12,20055432.38588731
btc,2026-07-13,20055891.7608873
btc,2026-07-14,20056373.01087634
btc,2026-07-15,20056810.51085184
btc,2026-07-16,20057188.63584605
btc,2026-07-17,20057585.51083886
btc,2026-07-18,20058104.26073642
btc,2026-07-19,20058619.88571881
btc,2026-07-20,20059076.13571372
btc,2026-07-21,20059507.38569737
btc,2026-07-22,20059866.76067674
btc,2026-07-23,20060279.2606458
btc,2026-07-24,20060760.5105907
btc,2026-07-25,20061191.76057864
btc,2026-07-26,20061648.01057611
btc,2026-07-27,20062079.26057608
btc,2026-07-28,20062476.13557513
btc,2026-07-29,20062923.0105751
btc,2026-07-30,20063401.13557501
btc,2026-07-31,20063891.76057344
btc,2026-08-01,20064404.26057322
btc,2026-08-02,20064854.26057193
btc,2026-08-03,20065323.01042797
btc,2026-08-04,20065763.63533705
